-- MySQL dump 10.13  Distrib 5.7.12, for Win64 (x86_64)
--
-- Host: localhost    Database: applegame
-- ------------------------------------------------------
-- Server version	5.7.12-log

/*!40101 SET @OLD_CHARACTER_SET_CLIENT=@@CHARACTER_SET_CLIENT */;
/*!40101 SET @OLD_CHARACTER_SET_RESULTS=@@CHARACTER_SET_RESULTS */;
/*!40101 SET @OLD_COLLATION_CONNECTION=@@COLLATION_CONNECTION */;
/*!40101 SET NAMES gbk */;
/*!40103 SET @OLD_TIME_ZONE=@@TIME_ZONE */;
/*!40103 SET TIME_ZONE='+00:00' */;
/*!40014 SET @OLD_UNIQUE_CHECKS=@@UNIQUE_CHECKS, UNIQUE_CHECKS=0 */;
/*!40014 SET @OLD_FOREIGN_KEY_CHECKS=@@FOREIGN_KEY_CHECKS, FOREIGN_KEY_CHECKS=0 */;
/*!40101 SET @OLD_SQL_MODE=@@SQL_MODE, SQL_MODE='NO_AUTO_VALUE_ON_ZERO' */;
/*!40111 SET @OLD_SQL_NOTES=@@SQL_NOTES, SQL_NOTES=0 */;

--
-- Table structure for table `__efmigrationshistory`
--

DROP TABLE IF EXISTS `__efmigrationshistory`;
/*!40101 SET @saved_cs_client     = @@character_set_client */;
/*!40101 SET character_set_client = utf8 */;
CREATE TABLE `__efmigrationshistory` (
  `MigrationId` varchar(95) NOT NULL,
  `ProductVersion` varchar(32) NOT NULL,
  PRIMARY KEY (`MigrationId`)
) ENGINE=InnoDB DEFAULT CHARSET=utf8;
/*!40101 SET character_set_client = @saved_cs_client */;

--
-- Dumping data for table `__efmigrationshistory`
--

LOCK TABLES `__efmigrationshistory` WRITE;
/*!40000 ALTER TABLE `__efmigrationshistory` DISABLE KEYS */;
INSERT INTO `__efmigrationshistory` VALUES ('20170504093509_installDb','1.1.1'),('20170527230019_20170528','1.1.1'),('20170527230616_201705082','1.1.1'),('20170527231900_201705083','1.1.1'),('20170527232208_201705084','1.1.1'),('20170528014606_2017052806','1.1.1');
/*!40000 ALTER TABLE `__efmigrationshistory` ENABLE KEYS */;
UNLOCK TABLES;

--
-- Table structure for table `accountdetails`
--

DROP TABLE IF EXISTS `accountdetails`;
/*!40101 SET @saved_cs_client     = @@character_set_client */;
/*!40101 SET character_set_client = utf8 */;
CREATE TABLE `accountdetails` (
  `Id` int(11) NOT NULL AUTO_INCREMENT,
  `AccountId` int(11) DEFAULT NULL,
  `Amount` decimal(18,2) NOT NULL,
  `Explain` longtext,
  `CreateTime` datetime(6) NOT NULL DEFAULT '0001-01-01 00:00:00.000000' ON UPDATE CURRENT_TIMESTAMP(6),
  `ModifyTime` datetime(6) NOT NULL DEFAULT '0001-01-01 00:00:00.000000' ON UPDATE CURRENT_TIMESTAMP(6),
  PRIMARY KEY (`Id`),
  KEY `IX_AccountDeTails_AccountId` (`AccountId`),
  CONSTRAINT `FK_AccountDeTails_Accounts_AccountId` FOREIGN KEY (`AccountId`) REFERENCES `accounts` (`Id`) ON DELETE NO ACTION
) ENGINE=InnoDB AUTO_INCREMENT=582 DEFAULT CHARSET=utf8;
/*!40101 SET character_set_client = @saved_cs_client */;

--
-- Dumping data for table `accountdetails`
--

LOCK TABLES `accountdetails` WRITE;
/*!40000 ALTER TABLE `accountdetails` DISABLE KEYS */;
INSERT INTO `accountdetails` VALUES (1,2,-0.80,'下注','0001-01-01 00:00:00.000000','0001-01-01 00:00:00.000000'),(2,2,1.00,'赢','0001-01-01 00:00:00.000000','0001-01-01 00:00:00.000000'),(3,1,0.00,'','0001-01-01 00:00:00.000000','0001-01-01 00:00:00.000000'),(4,1,0.00,'','0001-01-01 00:00:00.000000','0001-01-01 00:00:00.000000'),(5,1,0.00,'','0001-01-01 00:00:00.000000','0001-01-01 00:00:00.000000'),(6,1,0.00,'','0001-01-01 00:00:00.000000','0001-01-01 00:00:00.000000'),(7,1,0.00,'','0001-01-01 00:00:00.000000','0001-01-01 00:00:00.000000'),(8,2,0.00,'','0001-01-01 00:00:00.000000','0001-01-01 00:00:00.000000'),(9,1,0.00,'','0001-01-01 00:00:00.000000','0001-01-01 00:00:00.000000'),(10,2,0.00,'','0001-01-01 00:00:00.000000','0001-01-01 00:00:00.000000'),(11,1,0.00,'','0001-01-01 00:00:00.000000','0001-01-01 00:00:00.000000'),(12,2,0.00,'','0001-01-01 00:00:00.000000','0001-01-01 00:00:00.000000'),(13,1,0.00,'','0001-01-01 00:00:00.000000','0001-01-01 00:00:00.000000'),(14,2,0.00,'','0001-01-01 00:00:00.000000','0001-01-01 00:00:00.000000'),(15,2,0.50,'','0001-01-01 00:00:00.000000','0001-01-01 00:00:00.000000'),(16,2,0.00,'','0001-01-01 00:00:00.000000','0001-01-01 00:00:00.000000'),(17,1,0.00,'','0001-01-01 00:00:00.000000','0001-01-01 00:00:00.000000'),(18,2,0.00,'','0001-01-01 00:00:00.000000','0001-01-01 00:00:00.000000'),(19,1,0.00,'','0001-01-01 00:00:00.000000','0001-01-01 00:00:00.000000'),(20,2,0.00,'','0001-01-01 00:00:00.000000','0001-01-01 00:00:00.000000'),(21,1,-0.20,'','0001-01-01 00:00:00.000000','0001-01-01 00:00:00.000000'),(22,2,-0.20,'','0001-01-01 00:00:00.000000','0001-01-01 00:00:00.000000'),(23,2,-0.10,'','0001-01-01 00:00:00.000000','0001-01-01 00:00:00.000000'),(24,2,0.00,'','0001-01-01 00:00:00.000000','0001-01-01 00:00:00.000000'),(25,1,-0.80,'下注','0001-01-01 00:00:00.000000','0001-01-01 00:00:00.000000'),(26,1,0.30,'赢','0001-01-01 00:00:00.000000','0001-01-01 00:00:00.000000'),(27,1,-0.10,'下注','0001-01-01 00:00:00.000000','0001-01-01 00:00:00.000000'),(28,1,-0.40,'下注','0001-01-01 00:00:00.000000','0001-01-01 00:00:00.000000'),(29,1,1.00,'赢','0001-01-01 00:00:00.000000','0001-01-01 00:00:00.000000'),(30,1,-0.40,'下注','0001-01-01 00:00:00.000000','0001-01-01 00:00:00.000000'),(31,1,-0.80,'下注','0001-01-01 00:00:00.000000','0001-01-01 00:00:00.000000'),(32,1,0.30,'赢','0001-01-01 00:00:00.000000','0001-01-01 00:00:00.000000'),(33,1,-0.80,'下注','0001-01-01 00:00:00.000000','0001-01-01 00:00:00.000000'),(34,1,0.30,'赢','0001-01-01 00:00:00.000000','0001-01-01 00:00:00.000000'),(35,1,-0.80,'下注','0001-01-01 00:00:00.000000','0001-01-01 00:00:00.000000'),(36,1,0.10,'赢','0001-01-01 00:00:00.000000','0001-01-01 00:00:00.000000'),(37,1,-0.80,'下注','0001-01-01 00:00:00.000000','0001-01-01 00:00:00.000000'),(38,1,0.50,'赢','0001-01-01 00:00:00.000000','0001-01-01 00:00:00.000000'),(39,2,0.00,'','0001-01-01 00:00:00.000000','0001-01-01 00:00:00.000000'),(40,1,-0.80,'下注','0001-01-01 00:00:00.000000','0001-01-01 00:00:00.000000'),(41,1,0.10,'赢','0001-01-01 00:00:00.000000','0001-01-01 00:00:00.000000'),(42,1,-0.80,'下注','0001-01-01 00:00:00.000000','0001-01-01 00:00:00.000000'),(43,1,0.30,'赢','0001-01-01 00:00:00.000000','0001-01-01 00:00:00.000000'),(44,1,-0.80,'下注','0001-01-01 00:00:00.000000','0001-01-01 00:00:00.000000'),(45,1,0.30,'赢','0001-01-01 00:00:00.000000','0001-01-01 00:00:00.000000'),(46,2,-0.80,'下注','0001-01-01 00:00:00.000000','0001-01-01 00:00:00.000000'),(47,2,5.90,'赢','0001-01-01 00:00:00.000000','0001-01-01 00:00:00.000000'),(48,1,-0.80,'下注','0001-01-01 00:00:00.000000','0001-01-01 00:00:00.000000'),(49,1,1.00,'赢','0001-01-01 00:00:00.000000','0001-01-01 00:00:00.000000'),(50,2,-0.80,'下注','0001-01-01 00:00:00.000000','0001-01-01 00:00:00.000000'),(51,2,0.30,'赢','0001-01-01 00:00:00.000000','0001-01-01 00:00:00.000000'),(52,1,-0.80,'下注','0001-01-01 00:00:00.000000','0001-01-01 00:00:00.000000'),(53,1,0.30,'赢','0001-01-01 00:00:00.000000','0001-01-01 00:00:00.000000'),(54,2,-0.80,'下注','0001-01-01 00:00:00.000000','0001-01-01 00:00:00.000000'),(55,2,0.30,'赢','0001-01-01 00:00:00.000000','0001-01-01 00:00:00.000000'),(56,1,-0.80,'下注','0001-01-01 00:00:00.000000','0001-01-01 00:00:00.000000'),(57,1,1.00,'赢','0001-01-01 00:00:00.000000','0001-01-01 00:00:00.000000'),(58,2,-0.10,'下注','0001-01-01 00:00:00.000000','0001-01-01 00:00:00.000000'),(59,2,0.10,'赢','0001-01-01 00:00:00.000000','0001-01-01 00:00:00.000000'),(60,1,-0.80,'下注','0001-01-01 00:00:00.000000','0001-01-01 00:00:00.000000'),(61,1,0.30,'赢','0001-01-01 00:00:00.000000','0001-01-01 00:00:00.000000'),(62,2,-0.10,'下注','0001-01-01 00:00:00.000000','0001-01-01 00:00:00.000000'),(63,1,-0.80,'下注','0001-01-01 00:00:00.000000','0001-01-01 00:00:00.000000'),(64,1,0.50,'赢','0001-01-01 00:00:00.000000','0001-01-01 00:00:00.000000'),(65,1,-0.80,'下注','0001-01-01 00:00:00.000000','0001-01-01 00:00:00.000000'),(66,1,0.30,'赢','0001-01-01 00:00:00.000000','0001-01-01 00:00:00.000000'),(67,2,-0.10,'下注','0001-01-01 00:00:00.000000','0001-01-01 00:00:00.000000'),(68,1,-0.80,'下注','0001-01-01 00:00:00.000000','0001-01-01 00:00:00.000000'),(69,1,0.30,'赢','0001-01-01 00:00:00.000000','0001-01-01 00:00:00.000000'),(70,2,-0.10,'下注','0001-01-01 00:00:00.000000','0001-01-01 00:00:00.000000'),(71,2,-0.10,'下注','0001-01-01 00:00:00.000000','0001-01-01 00:00:00.000000'),(72,1,-0.80,'下注','0001-01-01 00:00:00.000000','0001-01-01 00:00:00.000000'),(73,1,0.30,'赢','0001-01-01 00:00:00.000000','0001-01-01 00:00:00.000000'),(74,1,-0.80,'下注','0001-01-01 00:00:00.000000','0001-01-01 00:00:00.000000'),(75,1,0.30,'赢','0001-01-01 00:00:00.000000','0001-01-01 00:00:00.000000'),(76,1,-0.80,'下注','0001-01-01 00:00:00.000000','0001-01-01 00:00:00.000000'),(77,1,0.30,'赢','0001-01-01 00:00:00.000000','0001-01-01 00:00:00.000000'),(78,1,-0.80,'下注','0001-01-01 00:00:00.000000','0001-01-01 00:00:00.000000'),(79,1,1.00,'赢','0001-01-01 00:00:00.000000','0001-01-01 00:00:00.000000'),(80,2,-0.10,'下注','0001-01-01 00:00:00.000000','0001-01-01 00:00:00.000000'),(81,2,-0.30,'下注','0001-01-01 00:00:00.000000','0001-01-01 00:00:00.000000'),(82,1,-0.80,'下注','0001-01-01 00:00:00.000000','0001-01-01 00:00:00.000000'),(83,1,0.10,'赢','0001-01-01 00:00:00.000000','0001-01-01 00:00:00.000000'),(84,2,0.00,'','0001-01-01 00:00:00.000000','0001-01-01 00:00:00.000000'),(85,2,0.00,'','0001-01-01 00:00:00.000000','0001-01-01 00:00:00.000000'),(86,2,0.00,'','0001-01-01 00:00:00.000000','0001-01-01 00:00:00.000000'),(87,2,0.00,'','0001-01-01 00:00:00.000000','0001-01-01 00:00:00.000000'),(88,2,0.00,'','0001-01-01 00:00:00.000000','0001-01-01 00:00:00.000000'),(89,2,0.00,'','0001-01-01 00:00:00.000000','0001-01-01 00:00:00.000000'),(90,2,0.00,'','0001-01-01 00:00:00.000000','0001-01-01 00:00:00.000000'),(91,2,0.00,'','0001-01-01 00:00:00.000000','0001-01-01 00:00:00.000000'),(92,2,0.00,'','0001-01-01 00:00:00.000000','0001-01-01 00:00:00.000000'),(93,2,0.00,'','0001-01-01 00:00:00.000000','0001-01-01 00:00:00.000000'),(94,2,0.00,'','0001-01-01 00:00:00.000000','0001-01-01 00:00:00.000000'),(95,2,0.00,'','0001-01-01 00:00:00.000000','0001-01-01 00:00:00.000000'),(96,2,0.00,'','0001-01-01 00:00:00.000000','0001-01-01 00:00:00.000000'),(97,2,0.00,'','0001-01-01 00:00:00.000000','0001-01-01 00:00:00.000000'),(98,2,0.00,'','0001-01-01 00:00:00.000000','0001-01-01 00:00:00.000000'),(99,2,0.00,'','0001-01-01 00:00:00.000000','0001-01-01 00:00:00.000000'),(100,2,0.00,'','0001-01-01 00:00:00.000000','0001-01-01 00:00:00.000000'),(101,2,0.00,'','0001-01-01 00:00:00.000000','0001-01-01 00:00:00.000000'),(102,2,0.00,'','0001-01-01 00:00:00.000000','0001-01-01 00:00:00.000000'),(103,2,0.00,'','0001-01-01 00:00:00.000000','0001-01-01 00:00:00.000000'),(104,2,0.00,'','0001-01-01 00:00:00.000000','0001-01-01 00:00:00.000000'),(105,2,0.00,'','0001-01-01 00:00:00.000000','0001-01-01 00:00:00.000000'),(106,2,0.00,'','0001-01-01 00:00:00.000000','0001-01-01 00:00:00.000000'),(107,2,0.00,'','0001-01-01 00:00:00.000000','0001-01-01 00:00:00.000000'),(108,2,0.00,'','0001-01-01 00:00:00.000000','0001-01-01 00:00:00.000000'),(109,2,0.00,'','0001-01-01 00:00:00.000000','0001-01-01 00:00:00.000000'),(110,2,0.00,'','0001-01-01 00:00:00.000000','0001-01-01 00:00:00.000000'),(111,2,0.00,'','0001-01-01 00:00:00.000000','0001-01-01 00:00:00.000000'),(112,2,0.00,'','0001-01-01 00:00:00.000000','0001-01-01 00:00:00.000000'),(113,2,0.00,'','0001-01-01 00:00:00.000000','0001-01-01 00:00:00.000000'),(114,2,0.00,'','0001-01-01 00:00:00.000000','0001-01-01 00:00:00.000000'),(115,2,0.00,'','0001-01-01 00:00:00.000000','0001-01-01 00:00:00.000000'),(116,1,-1.00,'','0001-01-01 00:00:00.000000','0001-01-01 00:00:00.000000'),(117,2,0.00,'','0001-01-01 00:00:00.000000','0001-01-01 00:00:00.000000'),(118,1,-1.00,'','0001-01-01 00:00:00.000000','0001-01-01 00:00:00.000000'),(119,2,0.00,'','0001-01-01 00:00:00.000000','0001-01-01 00:00:00.000000'),(120,1,-1.00,'','0001-01-01 00:00:00.000000','0001-01-01 00:00:00.000000'),(121,2,0.00,'','0001-01-01 00:00:00.000000','0001-01-01 00:00:00.000000'),(122,1,-1.00,'','0001-01-01 00:00:00.000000','0001-01-01 00:00:00.000000'),(123,2,0.00,'','0001-01-01 00:00:00.000000','0001-01-01 00:00:00.000000'),(124,1,-1.00,'','0001-01-01 00:00:00.000000','0001-01-01 00:00:00.000000'),(125,2,0.00,'','0001-01-01 00:00:00.000000','0001-01-01 00:00:00.000000'),(126,1,-1.00,'','0001-01-01 00:00:00.000000','0001-01-01 00:00:00.000000'),(127,2,0.00,'','0001-01-01 00:00:00.000000','0001-01-01 00:00:00.000000'),(128,1,-1.00,'','0001-01-01 00:00:00.000000','0001-01-01 00:00:00.000000'),(129,2,0.00,'','0001-01-01 00:00:00.000000','0001-01-01 00:00:00.000000'),(130,1,-1.00,'','0001-01-01 00:00:00.000000','0001-01-01 00:00:00.000000'),(131,1,-1.00,'','0001-01-01 00:00:00.000000','0001-01-01 00:00:00.000000'),(132,1,-1.00,'','0001-01-01 00:00:00.000000','0001-01-01 00:00:00.000000'),(133,1,-1.00,'','0001-01-01 00:00:00.000000','0001-01-01 00:00:00.000000'),(134,2,0.00,'','0001-01-01 00:00:00.000000','0001-01-01 00:00:00.000000'),(135,1,-1.00,'','0001-01-01 00:00:00.000000','0001-01-01 00:00:00.000000'),(136,2,0.00,'','0001-01-01 00:00:00.000000','0001-01-01 00:00:00.000000'),(137,1,-1.00,'','0001-01-01 00:00:00.000000','0001-01-01 00:00:00.000000'),(138,1,-1.00,'','0001-01-01 00:00:00.000000','0001-01-01 00:00:00.000000'),(139,1,-1.00,'','0001-01-01 00:00:00.000000','0001-01-01 00:00:00.000000'),(140,1,-1.00,'','0001-01-01 00:00:00.000000','0001-01-01 00:00:00.000000'),(141,2,0.00,'','0001-01-01 00:00:00.000000','0001-01-01 00:00:00.000000'),(142,1,-1.00,'','0001-01-01 00:00:00.000000','0001-01-01 00:00:00.000000'),(143,1,-1.00,'','0001-01-01 00:00:00.000000','0001-01-01 00:00:00.000000'),(144,1,-1.00,'','0001-01-01 00:00:00.000000','0001-01-01 00:00:00.000000'),(145,2,0.00,'','0001-01-01 00:00:00.000000','0001-01-01 00:00:00.000000'),(146,1,-1.00,'','0001-01-01 00:00:00.000000','0001-01-01 00:00:00.000000'),(147,1,-1.00,'','0001-01-01 00:00:00.000000','0001-01-01 00:00:00.000000'),(148,2,0.00,'','0001-01-01 00:00:00.000000','0001-01-01 00:00:00.000000'),(149,1,-1.00,'','0001-01-01 00:00:00.000000','0001-01-01 00:00:00.000000'),(150,1,-1.00,'','0001-01-01 00:00:00.000000','0001-01-01 00:00:00.000000'),(151,1,-1.00,'','0001-01-01 00:00:00.000000','0001-01-01 00:00:00.000000'),(152,1,-1.00,'','0001-01-01 00:00:00.000000','0001-01-01 00:00:00.000000'),(153,1,-1.00,'','0001-01-01 00:00:00.000000','0001-01-01 00:00:00.000000'),(154,2,0.00,'','0001-01-01 00:00:00.000000','0001-01-01 00:00:00.000000'),(155,1,-1.00,'','0001-01-01 00:00:00.000000','0001-01-01 00:00:00.000000'),(156,1,-1.00,'','0001-01-01 00:00:00.000000','0001-01-01 00:00:00.000000'),(157,2,0.00,'','0001-01-01 00:00:00.000000','0001-01-01 00:00:00.000000'),(158,1,-1.00,'','0001-01-01 00:00:00.000000','0001-01-01 00:00:00.000000'),(159,1,-1.00,'','0001-01-01 00:00:00.000000','0001-01-01 00:00:00.000000'),(160,1,-1.00,'','0001-01-01 00:00:00.000000','0001-01-01 00:00:00.000000'),(161,1,-1.00,'','0001-01-01 00:00:00.000000','0001-01-01 00:00:00.000000'),(162,1,-1.00,'','0001-01-01 00:00:00.000000','0001-01-01 00:00:00.000000'),(163,1,-1.00,'','0001-01-01 00:00:00.000000','0001-01-01 00:00:00.000000'),(164,2,0.00,'','0001-01-01 00:00:00.000000','0001-01-01 00:00:00.000000'),(165,1,-1.00,'','0001-01-01 00:00:00.000000','0001-01-01 00:00:00.000000'),(166,1,-1.00,'','0001-01-01 00:00:00.000000','0001-01-01 00:00:00.000000'),(167,1,-1.00,'','0001-01-01 00:00:00.000000','0001-01-01 00:00:00.000000'),(168,2,0.00,'','0001-01-01 00:00:00.000000','0001-01-01 00:00:00.000000'),(169,1,-1.00,'','0001-01-01 00:00:00.000000','0001-01-01 00:00:00.000000'),(170,1,-1.00,'','0001-01-01 00:00:00.000000','0001-01-01 00:00:00.000000'),(171,2,0.00,'','0001-01-01 00:00:00.000000','0001-01-01 00:00:00.000000'),(172,1,-1.00,'','0001-01-01 00:00:00.000000','0001-01-01 00:00:00.000000'),(173,2,-1.00,'','0001-01-01 00:00:00.000000','0001-01-01 00:00:00.000000'),(174,2,0.00,'','0001-01-01 00:00:00.000000','0001-01-01 00:00:00.000000'),(175,1,-1.00,'','0001-01-01 00:00:00.000000','0001-01-01 00:00:00.000000'),(176,2,-1.00,'','0001-01-01 00:00:00.000000','0001-01-01 00:00:00.000000'),(177,2,-1.00,'','0001-01-01 00:00:00.000000','0001-01-01 00:00:00.000000'),(178,1,-1.00,'','0001-01-01 00:00:00.000000','0001-01-01 00:00:00.000000'),(179,2,-1.00,'','0001-01-01 00:00:00.000000','0001-01-01 00:00:00.000000'),(180,1,-1.00,'','0001-01-01 00:00:00.000000','0001-01-01 00:00:00.000000'),(181,1,-1.00,'','0001-01-01 00:00:00.000000','0001-01-01 00:00:00.000000'),(182,2,-1.00,'','0001-01-01 00:00:00.000000','0001-01-01 00:00:00.000000'),(183,1,1.00,'','0001-01-01 00:00:00.000000','0001-01-01 00:00:00.000000'),(184,2,-1.00,'','0001-01-01 00:00:00.000000','0001-01-01 00:00:00.000000'),(185,1,-1.00,'','0001-01-01 00:00:00.000000','0001-01-01 00:00:00.000000'),(186,2,1.00,'','0001-01-01 00:00:00.000000','0001-01-01 00:00:00.000000'),(187,1,-1.00,'','0001-01-01 00:00:00.000000','0001-01-01 00:00:00.000000'),(188,2,-1.00,'','0001-01-01 00:00:00.000000','0001-01-01 00:00:00.000000'),(189,1,-1.00,'','0001-01-01 00:00:00.000000','0001-01-01 00:00:00.000000'),(190,1,1.00,'','0001-01-01 00:00:00.000000','0001-01-01 00:00:00.000000'),(191,2,-1.00,'','0001-01-01 00:00:00.000000','0001-01-01 00:00:00.000000'),(192,1,-1.00,'','0001-01-01 00:00:00.000000','0001-01-01 00:00:00.000000'),(193,1,1.00,'','0001-01-01 00:00:00.000000','0001-01-01 00:00:00.000000'),(194,1,-1.00,'','0001-01-01 00:00:00.000000','0001-01-01 00:00:00.000000'),(195,2,-1.00,'','0001-01-01 00:00:00.000000','0001-01-01 00:00:00.000000'),(196,1,1.00,'','0001-01-01 00:00:00.000000','0001-01-01 00:00:00.000000'),(197,1,-1.00,'','0001-01-01 00:00:00.000000','0001-01-01 00:00:00.000000'),(198,2,-1.00,'','0001-01-01 00:00:00.000000','0001-01-01 00:00:00.000000'),(199,1,1.00,'','0001-01-01 00:00:00.000000','0001-01-01 00:00:00.000000'),(200,1,-1.00,'','0001-01-01 00:00:00.000000','0001-01-01 00:00:00.000000'),(201,2,-1.00,'','0001-01-01 00:00:00.000000','0001-01-01 00:00:00.000000'),(202,1,1.00,'','0001-01-01 00:00:00.000000','0001-01-01 00:00:00.000000'),(203,2,-1.00,'','0001-01-01 00:00:00.000000','0001-01-01 00:00:00.000000'),(204,1,-1.00,'','0001-01-01 00:00:00.000000','0001-01-01 00:00:00.000000'),(205,2,1.00,'','0001-01-01 00:00:00.000000','0001-01-01 00:00:00.000000'),(206,1,-1.00,'','0001-01-01 00:00:00.000000','0001-01-01 00:00:00.000000'),(207,2,-1.00,'','0001-01-01 00:00:00.000000','0001-01-01 00:00:00.000000'),(208,2,1.00,'','0001-01-01 00:00:00.000000','0001-01-01 00:00:00.000000'),(209,1,-1.00,'','0001-01-01 00:00:00.000000','0001-01-01 00:00:00.000000'),(210,2,-1.00,'','0001-01-01 00:00:00.000000','0001-01-01 00:00:00.000000'),(211,2,1.00,'','0001-01-01 00:00:00.000000','0001-01-01 00:00:00.000000'),(212,1,-1.00,'','0001-01-01 00:00:00.000000','0001-01-01 00:00:00.000000'),(213,1,-1.00,'','0001-01-01 00:00:00.000000','0001-01-01 00:00:00.000000'),(214,1,1.00,'','0001-01-01 00:00:00.000000','0001-01-01 00:00:00.000000'),(215,1,-1.00,'','0001-01-01 00:00:00.000000','0001-01-01 00:00:00.000000'),(216,2,-1.00,'','0001-01-01 00:00:00.000000','0001-01-01 00:00:00.000000'),(217,1,1.00,'','0001-01-01 00:00:00.000000','0001-01-01 00:00:00.000000'),(218,1,-1.00,'','0001-01-01 00:00:00.000000','0001-01-01 00:00:00.000000'),(219,2,-1.00,'','0001-01-01 00:00:00.000000','0001-01-01 00:00:00.000000'),(220,1,-1.00,'','0001-01-01 00:00:00.000000','0001-01-01 00:00:00.000000'),(221,1,-1.00,'','0001-01-01 00:00:00.000000','0001-01-01 00:00:00.000000'),(222,1,-1.00,'','0001-01-01 00:00:00.000000','0001-01-01 00:00:00.000000'),(223,1,-1.00,'','0001-01-01 00:00:00.000000','0001-01-01 00:00:00.000000'),(224,1,-1.00,'','0001-01-01 00:00:00.000000','0001-01-01 00:00:00.000000'),(225,2,-1.00,'','0001-01-01 00:00:00.000000','0001-01-01 00:00:00.000000'),(226,1,-1.00,'','0001-01-01 00:00:00.000000','0001-01-01 00:00:00.000000'),(227,1,-1.00,'','0001-01-01 00:00:00.000000','0001-01-01 00:00:00.000000'),(229,1,-1.00,'','0001-01-01 00:00:00.000000','0001-01-01 00:00:00.000000'),(230,1,-1.00,'','0001-01-01 00:00:00.000000','0001-01-01 00:00:00.000000'),(231,2,-1.00,'','0001-01-01 00:00:00.000000','0001-01-01 00:00:00.000000'),(232,1,-1.00,'','0001-01-01 00:00:00.000000','0001-01-01 00:00:00.000000'),(233,2,-1.00,'','0001-01-01 00:00:00.000000','0001-01-01 00:00:00.000000'),(234,1,-1.00,'','0001-01-01 00:00:00.000000','0001-01-01 00:00:00.000000'),(235,1,-1.00,'','0001-01-01 00:00:00.000000','0001-01-01 00:00:00.000000'),(236,2,-1.00,'','0001-01-01 00:00:00.000000','0001-01-01 00:00:00.000000'),(237,1,-1.00,'','0001-01-01 00:00:00.000000','0001-01-01 00:00:00.000000'),(238,1,-1.00,'','0001-01-01 00:00:00.000000','0001-01-01 00:00:00.000000'),(239,1,-1.00,'','0001-01-01 00:00:00.000000','0001-01-01 00:00:00.000000'),(240,1,-1.00,'','0001-01-01 00:00:00.000000','0001-01-01 00:00:00.000000'),(241,1,-1.00,'','0001-01-01 00:00:00.000000','0001-01-01 00:00:00.000000'),(242,1,-1.00,'','0001-01-01 00:00:00.000000','0001-01-01 00:00:00.000000'),(243,1,-1.00,'','0001-01-01 00:00:00.000000','0001-01-01 00:00:00.000000'),(244,1,-1.00,'','0001-01-01 00:00:00.000000','0001-01-01 00:00:00.000000'),(245,2,-1.00,'','0001-01-01 00:00:00.000000','0001-01-01 00:00:00.000000'),(246,2,1.00,'','0001-01-01 00:00:00.000000','0001-01-01 00:00:00.000000'),(247,2,-1.00,'','0001-01-01 00:00:00.000000','0001-01-01 00:00:00.000000'),(248,1,-1.00,'','0001-01-01 00:00:00.000000','0001-01-01 00:00:00.000000'),(249,2,1.00,'','0001-01-01 00:00:00.000000','0001-01-01 00:00:00.000000'),(250,1,-1.00,'','0001-01-01 00:00:00.000000','0001-01-01 00:00:00.000000'),(251,1,-1.00,'','0001-01-01 00:00:00.000000','0001-01-01 00:00:00.000000'),(252,2,1.00,'','0001-01-01 00:00:00.000000','0001-01-01 00:00:00.000000'),(253,1,-1.00,'','0001-01-01 00:00:00.000000','0001-01-01 00:00:00.000000'),(254,1,1.00,'','0001-01-01 00:00:00.000000','0001-01-01 00:00:00.000000'),(255,2,-1.00,'','0001-01-01 00:00:00.000000','0001-01-01 00:00:00.000000'),(256,1,-1.00,'','0001-01-01 00:00:00.000000','0001-01-01 00:00:00.000000'),(257,1,1.00,'','0001-01-01 00:00:00.000000','0001-01-01 00:00:00.000000'),(258,1,-1.00,'','0001-01-01 00:00:00.000000','0001-01-01 00:00:00.000000'),(259,1,-1.00,'','0001-01-01 00:00:00.000000','0001-01-01 00:00:00.000000'),(260,2,1.00,'','0001-01-01 00:00:00.000000','0001-01-01 00:00:00.000000'),(261,1,-1.00,'','0001-01-01 00:00:00.000000','0001-01-01 00:00:00.000000'),(262,2,-1.00,'','0001-01-01 00:00:00.000000','0001-01-01 00:00:00.000000'),(263,2,1.00,'','0001-01-01 00:00:00.000000','0001-01-01 00:00:00.000000'),(264,1,-1.00,'','0001-01-01 00:00:00.000000','0001-01-01 00:00:00.000000'),(265,1,-1.00,'','0001-01-01 00:00:00.000000','0001-01-01 00:00:00.000000'),(266,2,-1.00,'','0001-01-01 00:00:00.000000','0001-01-01 00:00:00.000000'),(267,1,1.00,'','0001-01-01 00:00:00.000000','0001-01-01 00:00:00.000000'),(268,1,-1.00,'','0001-01-01 00:00:00.000000','0001-01-01 00:00:00.000000'),(269,2,-1.00,'','0001-01-01 00:00:00.000000','0001-01-01 00:00:00.000000'),(270,2,1.00,'','0001-01-01 00:00:00.000000','0001-01-01 00:00:00.000000'),(271,1,0.80,'下注','0001-01-01 00:00:00.000000','0001-01-01 00:00:00.000000'),(272,1,0.30,'赢','0001-01-01 00:00:00.000000','0001-01-01 00:00:00.000000'),(273,1,0.80,'下注','0001-01-01 00:00:00.000000','0001-01-01 00:00:00.000000'),(274,1,0.30,'赢','0001-01-01 00:00:00.000000','0001-01-01 00:00:00.000000'),(275,1,0.80,'下注','0001-01-01 00:00:00.000000','0001-01-01 00:00:00.000000'),(276,1,0.50,'赢','0001-01-01 00:00:00.000000','0001-01-01 00:00:00.000000'),(277,1,0.80,'下注','0001-01-01 00:00:00.000000','0001-01-01 00:00:00.000000'),(278,1,0.30,'赢','0001-01-01 00:00:00.000000','0001-01-01 00:00:00.000000'),(279,1,0.80,'下注','0001-01-01 00:00:00.000000','0001-01-01 00:00:00.000000'),(280,1,0.50,'赢','0001-01-01 00:00:00.000000','0001-01-01 00:00:00.000000'),(281,1,0.80,'下注','0001-01-01 00:00:00.000000','0001-01-01 00:00:00.000000'),(282,1,0.50,'赢','0001-01-01 00:00:00.000000','0001-01-01 00:00:00.000000'),(283,1,0.80,'下注','0001-01-01 00:00:00.000000','0001-01-01 00:00:00.000000'),(284,1,0.50,'赢','0001-01-01 00:00:00.000000','0001-01-01 00:00:00.000000'),(285,1,1.30,'下注','0001-01-01 00:00:00.000000','0001-01-01 00:00:00.000000'),(286,1,0.30,'赢','0001-01-01 00:00:00.000000','0001-01-01 00:00:00.000000'),(287,1,0.80,'下注','0001-01-01 00:00:00.000000','0001-01-01 00:00:00.000000'),(288,1,0.30,'赢','0001-01-01 00:00:00.000000','0001-01-01 00:00:00.000000'),(289,1,0.90,'下注','0001-01-01 00:00:00.000000','0001-01-01 00:00:00.000000'),(290,1,0.30,'赢','0001-01-01 00:00:00.000000','0001-01-01 00:00:00.000000'),(291,1,0.80,'下注','0001-01-01 00:00:00.000000','0001-01-01 00:00:00.000000'),(292,1,0.50,'赢','0001-01-01 00:00:00.000000','0001-01-01 00:00:00.000000'),(293,1,0.80,'下注','0001-01-01 00:00:00.000000','0001-01-01 00:00:00.000000'),(294,1,0.30,'赢','0001-01-01 00:00:00.000000','0001-01-01 00:00:00.000000'),(295,1,0.80,'下注','0001-01-01 00:00:00.000000','0001-01-01 00:00:00.000000'),(296,1,0.30,'赢','0001-01-01 00:00:00.000000','0001-01-01 00:00:00.000000'),(297,1,0.80,'下注','0001-01-01 00:00:00.000000','0001-01-01 00:00:00.000000'),(298,1,0.50,'赢','0001-01-01 00:00:00.000000','0001-01-01 00:00:00.000000'),(299,1,0.80,'下注','0001-01-01 00:00:00.000000','0001-01-01 00:00:00.000000'),(300,1,0.30,'赢','0001-01-01 00:00:00.000000','0001-01-01 00:00:00.000000'),(301,1,0.80,'下注','0001-01-01 00:00:00.000000','0001-01-01 00:00:00.000000'),(302,1,0.30,'赢','0001-01-01 00:00:00.000000','0001-01-01 00:00:00.000000'),(303,1,0.80,'下注','0001-01-01 00:00:00.000000','0001-01-01 00:00:00.000000'),(304,1,0.30,'赢','0001-01-01 00:00:00.000000','0001-01-01 00:00:00.000000'),(305,1,0.80,'下注','0001-01-01 00:00:00.000000','0001-01-01 00:00:00.000000'),(306,1,0.30,'赢','0001-01-01 00:00:00.000000','0001-01-01 00:00:00.000000'),(307,1,0.80,'下注','0001-01-01 00:00:00.000000','0001-01-01 00:00:00.000000'),(308,1,0.10,'赢','0001-01-01 00:00:00.000000','0001-01-01 00:00:00.000000'),(309,1,0.80,'下注','0001-01-01 00:00:00.000000','0001-01-01 00:00:00.000000'),(310,1,0.10,'赢','0001-01-01 00:00:00.000000','0001-01-01 00:00:00.000000'),(311,1,0.80,'下注','0001-01-01 00:00:00.000000','0001-01-01 00:00:00.000000'),(312,1,0.30,'赢','0001-01-01 00:00:00.000000','0001-01-01 00:00:00.000000'),(313,1,0.80,'下注','0001-01-01 00:00:00.000000','0001-01-01 00:00:00.000000'),(314,1,0.50,'赢','0001-01-01 00:00:00.000000','0001-01-01 00:00:00.000000'),(315,1,0.80,'下注','0001-01-01 00:00:00.000000','0001-01-01 00:00:00.000000'),(316,1,0.50,'赢','0001-01-01 00:00:00.000000','0001-01-01 00:00:00.000000'),(317,1,0.10,'下注','0001-01-01 00:00:00.000000','0001-01-01 00:00:00.000000'),(318,1,-0.10,'下注','0001-01-01 00:00:00.000000','0001-01-01 00:00:00.000000'),(319,1,-0.80,'下注','0001-01-01 00:00:00.000000','0001-01-01 00:00:00.000000'),(320,1,0.50,'赢','0001-01-01 00:00:00.000000','0001-01-01 00:00:00.000000'),(321,1,-0.80,'下注','0001-01-01 00:00:00.000000','0001-01-01 00:00:00.000000'),(322,1,0.50,'赢','0001-01-01 00:00:00.000000','0001-01-01 00:00:00.000000'),(323,1,-0.80,'下注','0001-01-01 00:00:00.000000','0001-01-01 00:00:00.000000'),(324,1,0.50,'赢','0001-01-01 00:00:00.000000','0001-01-01 00:00:00.000000'),(325,1,-0.80,'下注','0001-01-01 00:00:00.000000','0001-01-01 00:00:00.000000'),(326,1,0.10,'赢','0001-01-01 00:00:00.000000','0001-01-01 00:00:00.000000'),(327,1,-0.80,'下注','0001-01-01 00:00:00.000000','0001-01-01 00:00:00.000000'),(328,1,0.10,'赢','0001-01-01 00:00:00.000000','0001-01-01 00:00:00.000000'),(329,2,-0.80,'下注','0001-01-01 00:00:00.000000','0001-01-01 00:00:00.000000'),(330,2,0.30,'赢','0001-01-01 00:00:00.000000','0001-01-01 00:00:00.000000'),(331,1,-0.80,'下注','0001-01-01 00:00:00.000000','0001-01-01 00:00:00.000000'),(332,1,0.30,'赢','0001-01-01 00:00:00.000000','0001-01-01 00:00:00.000000'),(333,1,-0.80,'下注','0001-01-01 00:00:00.000000','0001-01-01 00:00:00.000000'),(334,1,0.50,'赢','0001-01-01 00:00:00.000000','0001-01-01 00:00:00.000000'),(335,2,-0.80,'下注','0001-01-01 00:00:00.000000','0001-01-01 00:00:00.000000'),(336,2,0.30,'赢','0001-01-01 00:00:00.000000','0001-01-01 00:00:00.000000'),(337,1,-0.80,'下注','0001-01-01 00:00:00.000000','0001-01-01 00:00:00.000000'),(338,1,11.40,'赢','0001-01-01 00:00:00.000000','0001-01-01 00:00:00.000000'),(339,1,-0.80,'下注','0001-01-01 00:00:00.000000','0001-01-01 00:00:00.000000'),(340,1,0.10,'赢','0001-01-01 00:00:00.000000','0001-01-01 00:00:00.000000'),(341,2,-0.80,'下注','0001-01-01 00:00:00.000000','0001-01-01 00:00:00.000000'),(342,2,0.30,'赢','0001-01-01 00:00:00.000000','0001-01-01 00:00:00.000000'),(343,1,-0.80,'下注','0001-01-01 00:00:00.000000','0001-01-01 00:00:00.000000'),(344,1,0.10,'赢','0001-01-01 00:00:00.000000','0001-01-01 00:00:00.000000'),(345,2,-0.80,'下注','0001-01-01 00:00:00.000000','0001-01-01 00:00:00.000000'),(346,2,0.50,'赢','0001-01-01 00:00:00.000000','0001-01-01 00:00:00.000000'),(347,1,-0.80,'下注','0001-01-01 00:00:00.000000','0001-01-01 00:00:00.000000'),(348,1,0.30,'赢','0001-01-01 00:00:00.000000','0001-01-01 00:00:00.000000'),(349,2,-0.20,'下注','0001-01-01 00:00:00.000000','0001-01-01 00:00:00.000000'),(350,2,0.30,'赢','0001-01-01 00:00:00.000000','0001-01-01 00:00:00.000000'),(351,1,-0.50,'下注','0001-01-01 00:00:00.000000','0001-01-01 00:00:00.000000'),(352,1,-0.70,'下注','0001-01-01 00:00:00.000000','0001-01-01 00:00:00.000000'),(353,1,0.30,'赢','0001-01-01 00:00:00.000000','0001-01-01 00:00:00.000000'),(354,2,-0.70,'下注','0001-01-01 00:00:00.000000','0001-01-01 00:00:00.000000'),(355,2,0.50,'赢','0001-01-01 00:00:00.000000','0001-01-01 00:00:00.000000'),(356,2,-0.70,'下注','0001-01-01 00:00:00.000000','0001-01-01 00:00:00.000000'),(357,2,6.60,'赢','0001-01-01 00:00:00.000000','0001-01-01 00:00:00.000000'),(358,1,-0.70,'下注','0001-01-01 00:00:00.000000','0001-01-01 00:00:00.000000'),(359,1,0.60,'赢','0001-01-01 00:00:00.000000','0001-01-01 00:00:00.000000'),(360,2,-0.70,'下注','0001-01-01 00:00:00.000000','0001-01-01 00:00:00.000000'),(361,1,-0.70,'下注','0001-01-01 00:00:00.000000','0001-01-01 00:00:00.000000'),(362,2,-0.70,'下注','0001-01-01 00:00:00.000000','0001-01-01 00:00:00.000000'),(363,1,-0.70,'下注','0001-01-01 00:00:00.000000','0001-01-01 00:00:00.000000'),(364,1,-0.10,'下注','0001-01-01 00:00:00.000000','0001-01-01 00:00:00.000000'),(365,1,-0.20,'下注','0001-01-01 00:00:00.000000','0001-01-01 00:00:00.000000'),(366,1,0.50,'赢','0001-01-01 00:00:00.000000','0001-01-01 00:00:00.000000'),(367,1,-0.80,'下注','0001-01-01 00:00:00.000000','0001-01-01 00:00:00.000000'),(368,1,0.50,'赢','0001-01-01 00:00:00.000000','0001-01-01 00:00:00.000000'),(369,1,-0.80,'下注','0001-01-01 00:00:00.000000','0001-01-01 00:00:00.000000'),(370,1,0.50,'赢','0001-01-01 00:00:00.000000','0001-01-01 00:00:00.000000'),(371,1,-0.80,'下注','0001-01-01 00:00:00.000000','0001-01-01 00:00:00.000000'),(372,1,0.50,'赢','0001-01-01 00:00:00.000000','0001-01-01 00:00:00.000000'),(373,1,-0.80,'下注','0001-01-01 00:00:00.000000','0001-01-01 00:00:00.000000'),(374,1,0.30,'赢','0001-01-01 00:00:00.000000','0001-01-01 00:00:00.000000'),(375,1,-0.70,'下注','0001-01-01 00:00:00.000000','0001-01-01 00:00:00.000000'),(376,1,0.50,'赢','0001-01-01 00:00:00.000000','0001-01-01 00:00:00.000000'),(377,1,-0.80,'下注','0001-01-01 00:00:00.000000','0001-01-01 00:00:00.000000'),(378,1,0.50,'赢','0001-01-01 00:00:00.000000','0001-01-01 00:00:00.000000'),(379,1,-0.80,'下注','0001-01-01 00:00:00.000000','0001-01-01 00:00:00.000000'),(380,1,0.30,'赢','0001-01-01 00:00:00.000000','0001-01-01 00:00:00.000000'),(381,4,-0.80,'下注','0001-01-01 00:00:00.000000','0001-01-01 00:00:00.000000'),(382,4,0.50,'赢','0001-01-01 00:00:00.000000','0001-01-01 00:00:00.000000'),(383,1,-0.80,'下注','0001-01-01 00:00:00.000000','0001-01-01 00:00:00.000000'),(384,1,0.30,'赢','0001-01-01 00:00:00.000000','0001-01-01 00:00:00.000000'),(385,1,-0.80,'下注','0001-01-01 00:00:00.000000','0001-01-01 00:00:00.000000'),(386,1,0.10,'赢','0001-01-01 00:00:00.000000','0001-01-01 00:00:00.000000'),(387,1,-0.10,'下注','0001-01-01 00:00:00.000000','0001-01-01 00:00:00.000000'),(388,1,-0.80,'下注','0001-01-01 00:00:00.000000','0001-01-01 00:00:00.000000'),(389,1,0.30,'赢','0001-01-01 00:00:00.000000','0001-01-01 00:00:00.000000'),(390,1,-0.80,'下注','0001-01-01 00:00:00.000000','0001-01-01 00:00:00.000000'),(391,1,1.00,'赢','0001-01-01 00:00:00.000000','0001-01-01 00:00:00.000000'),(392,1,-0.80,'下注','0001-01-01 00:00:00.000000','0001-01-01 00:00:00.000000'),(393,1,0.30,'赢','0001-01-01 00:00:00.000000','0001-01-01 00:00:00.000000'),(394,1,-1.00,'','0001-01-01 00:00:00.000000','0001-01-01 00:00:00.000000'),(395,2,-1.00,'','0001-01-01 00:00:00.000000','0001-01-01 00:00:00.000000'),(396,2,1.00,'','0001-01-01 00:00:00.000000','0001-01-01 00:00:00.000000'),(397,1,-1.00,'','0001-01-01 00:00:00.000000','0001-01-01 00:00:00.000000'),(398,2,-1.00,'','0001-01-01 00:00:00.000000','0001-01-01 00:00:00.000000'),(399,1,1.00,'','0001-01-01 00:00:00.000000','0001-01-01 00:00:00.000000'),(400,1,-1.00,'','0001-01-01 00:00:00.000000','0001-01-01 00:00:00.000000'),(401,2,-1.00,'','0001-01-01 00:00:00.000000','0001-01-01 00:00:00.000000'),(402,1,-1.00,'','0001-01-01 00:00:00.000000','0001-01-01 00:00:00.000000'),(403,2,-1.00,'','0001-01-01 00:00:00.000000','0001-01-01 00:00:00.000000'),(404,1,-1.00,'','0001-01-01 00:00:00.000000','0001-01-01 00:00:00.000000'),(405,2,-1.00,'','0001-01-01 00:00:00.000000','0001-01-01 00:00:00.000000'),(406,1,1.00,'','0001-01-01 00:00:00.000000','0001-01-01 00:00:00.000000'),(407,1,-1.00,'','0001-01-01 00:00:00.000000','0001-01-01 00:00:00.000000'),(408,2,-1.00,'','0001-01-01 00:00:00.000000','0001-01-01 00:00:00.000000'),(409,2,1.00,'','0001-01-01 00:00:00.000000','0001-01-01 00:00:00.000000'),(410,2,-1.00,'','0001-01-01 00:00:00.000000','0001-01-01 00:00:00.000000'),(411,1,-1.00,'','0001-01-01 00:00:00.000000','0001-01-01 00:00:00.000000'),(412,2,1.00,'','0001-01-01 00:00:00.000000','0001-01-01 00:00:00.000000'),(413,1,-1.00,'','0001-01-01 00:00:00.000000','0001-01-01 00:00:00.000000'),(414,2,-1.00,'','0001-01-01 00:00:00.000000','0001-01-01 00:00:00.000000'),(415,1,1.00,'','0001-01-01 00:00:00.000000','0001-01-01 00:00:00.000000'),(416,2,-1.00,'','0001-01-01 00:00:00.000000','0001-01-01 00:00:00.000000'),(417,1,-1.00,'','0001-01-01 00:00:00.000000','0001-01-01 00:00:00.000000'),(418,1,1.00,'','0001-01-01 00:00:00.000000','0001-01-01 00:00:00.000000'),(419,1,-1.00,'','0001-01-01 00:00:00.000000','0001-01-01 00:00:00.000000'),(420,2,-1.00,'','0001-01-01 00:00:00.000000','0001-01-01 00:00:00.000000'),(421,2,1.00,'','0001-01-01 00:00:00.000000','0001-01-01 00:00:00.000000'),(422,1,-1.00,'','0001-01-01 00:00:00.000000','0001-01-01 00:00:00.000000'),(423,2,-1.00,'','0001-01-01 00:00:00.000000','0001-01-01 00:00:00.000000'),(424,2,1.00,'','0001-01-01 00:00:00.000000','0001-01-01 00:00:00.000000'),(425,2,-1.00,'','0001-01-01 00:00:00.000000','0001-01-01 00:00:00.000000'),(426,1,-1.00,'','0001-01-01 00:00:00.000000','0001-01-01 00:00:00.000000'),(427,2,1.00,'','0001-01-01 00:00:00.000000','0001-01-01 00:00:00.000000'),(428,1,-1.00,'','0001-01-01 00:00:00.000000','0001-01-01 00:00:00.000000'),(429,2,-1.00,'','0001-01-01 00:00:00.000000','0001-01-01 00:00:00.000000'),(430,1,-1.00,'','0001-01-01 00:00:00.000000','0001-01-01 00:00:00.000000'),(431,2,-1.00,'','0001-01-01 00:00:00.000000','0001-01-01 00:00:00.000000'),(432,1,-1.00,'','0001-01-01 00:00:00.000000','0001-01-01 00:00:00.000000'),(433,2,-1.00,'','0001-01-01 00:00:00.000000','0001-01-01 00:00:00.000000'),(434,1,-1.00,'','0001-01-01 00:00:00.000000','0001-01-01 00:00:00.000000'),(435,2,-1.00,'','0001-01-01 00:00:00.000000','0001-01-01 00:00:00.000000'),(436,1,-1.00,'','0001-01-01 00:00:00.000000','0001-01-01 00:00:00.000000'),(437,2,-1.00,'','0001-01-01 00:00:00.000000','0001-01-01 00:00:00.000000'),(438,1,-1.00,'','0001-01-01 00:00:00.000000','0001-01-01 00:00:00.000000'),(439,2,-1.00,'','0001-01-01 00:00:00.000000','0001-01-01 00:00:00.000000'),(440,1,1.00,'','0001-01-01 00:00:00.000000','0001-01-01 00:00:00.000000'),(441,1,-1.00,'','0001-01-01 00:00:00.000000','0001-01-01 00:00:00.000000'),(442,2,-1.00,'','0001-01-01 00:00:00.000000','0001-01-01 00:00:00.000000'),(443,1,-1.00,'','0001-01-01 00:00:00.000000','0001-01-01 00:00:00.000000'),(444,2,-1.00,'','0001-01-01 00:00:00.000000','0001-01-01 00:00:00.000000'),(445,2,1.00,'','0001-01-01 00:00:00.000000','0001-01-01 00:00:00.000000'),(446,1,-1.00,'','0001-01-01 00:00:00.000000','0001-01-01 00:00:00.000000'),(447,2,-1.00,'','0001-01-01 00:00:00.000000','0001-01-01 00:00:00.000000'),(448,2,1.00,'','0001-01-01 00:00:00.000000','0001-01-01 00:00:00.000000'),(449,1,-1.00,'','0001-01-01 00:00:00.000000','0001-01-01 00:00:00.000000'),(450,2,-1.00,'','0001-01-01 00:00:00.000000','0001-01-01 00:00:00.000000'),(451,1,-1.00,'','0001-01-01 00:00:00.000000','0001-01-01 00:00:00.000000'),(452,2,-1.00,'','0001-01-01 00:00:00.000000','0001-01-01 00:00:00.000000'),(453,2,1.00,'','0001-01-01 00:00:00.000000','0001-01-01 00:00:00.000000'),(454,2,-1.00,'','0001-01-01 00:00:00.000000','0001-01-01 00:00:00.000000'),(455,1,-1.00,'','0001-01-01 00:00:00.000000','0001-01-01 00:00:00.000000'),(456,2,1.00,'','0001-01-01 00:00:00.000000','0001-01-01 00:00:00.000000'),(457,1,-1.00,'','0001-01-01 00:00:00.000000','0001-01-01 00:00:00.000000'),(458,2,-1.00,'','0001-01-01 00:00:00.000000','0001-01-01 00:00:00.000000'),(459,1,-1.00,'','0001-01-01 00:00:00.000000','0001-01-01 00:00:00.000000'),(460,2,-1.00,'','0001-01-01 00:00:00.000000','0001-01-01 00:00:00.000000'),(461,2,1.00,'','0001-01-01 00:00:00.000000','0001-01-01 00:00:00.000000'),(462,2,-1.00,'','0001-01-01 00:00:00.000000','0001-01-01 00:00:00.000000'),(463,1,-1.00,'','0001-01-01 00:00:00.000000','0001-01-01 00:00:00.000000'),(464,1,1.00,'','0001-01-01 00:00:00.000000','0001-01-01 00:00:00.000000'),(465,2,-1.00,'','0001-01-01 00:00:00.000000','0001-01-01 00:00:00.000000'),(466,1,-1.00,'','0001-01-01 00:00:00.000000','0001-01-01 00:00:00.000000'),(467,1,-0.80,'下注','0001-01-01 00:00:00.000000','0001-01-01 00:00:00.000000'),(468,1,0.30,'赢','0001-01-01 00:00:00.000000','0001-01-01 00:00:00.000000'),(469,1,-0.80,'下注','0001-01-01 00:00:00.000000','0001-01-01 00:00:00.000000'),(470,1,0.50,'赢','0001-01-01 00:00:00.000000','0001-01-01 00:00:00.000000'),(471,1,-0.80,'下注','0001-01-01 00:00:00.000000','0001-01-01 00:00:00.000000'),(472,1,0.30,'赢','0001-01-01 00:00:00.000000','0001-01-01 00:00:00.000000'),(473,1,-0.10,'下注','0001-01-01 00:00:00.000000','0001-01-01 00:00:00.000000'),(474,1,-0.10,'下注','0001-01-01 00:00:00.000000','0001-01-01 00:00:00.000000'),(475,1,-0.20,'下注','0001-01-01 00:00:00.000000','0001-01-01 00:00:00.000000'),(476,1,-0.10,'下注','0001-01-01 00:00:00.000000','0001-01-01 00:00:00.000000'),(477,1,-0.10,'下注','0001-01-01 00:00:00.000000','0001-01-01 00:00:00.000000'),(478,1,0.10,'赢','0001-01-01 00:00:00.000000','0001-01-01 00:00:00.000000'),(479,2,-0.10,'下注','0001-01-01 00:00:00.000000','0001-01-01 00:00:00.000000'),(480,2,-0.10,'下注','0001-01-01 00:00:00.000000','0001-01-01 00:00:00.000000'),(481,2,-0.10,'下注','0001-01-01 00:00:00.000000','0001-01-01 00:00:00.000000'),(482,2,0.10,'赢','0001-01-01 00:00:00.000000','0001-01-01 00:00:00.000000'),(483,2,-0.10,'下注','0001-01-01 00:00:00.000000','0001-01-01 00:00:00.000000'),(484,2,-0.10,'下注','0001-01-01 00:00:00.000000','0001-01-01 00:00:00.000000'),(485,1,-0.10,'下注','0001-01-01 00:00:00.000000','0001-01-01 00:00:00.000000'),(486,1,-0.10,'下注','0001-01-01 00:00:00.000000','0001-01-01 00:00:00.000000'),(487,2,-0.10,'下注','0001-01-01 00:00:00.000000','0001-01-01 00:00:00.000000'),(488,1,-1.00,'','0001-01-01 00:00:00.000000','0001-01-01 00:00:00.000000'),(489,2,-1.00,'','0001-01-01 00:00:00.000000','0001-01-01 00:00:00.000000'),(490,2,1.00,'','0001-01-01 00:00:00.000000','0001-01-01 00:00:00.000000'),(491,2,-1.00,'','0001-01-01 00:00:00.000000','0001-01-01 00:00:00.000000'),(492,1,-1.00,'','0001-01-01 00:00:00.000000','0001-01-01 00:00:00.000000'),(493,1,1.00,'','0001-01-01 00:00:00.000000','0001-01-01 00:00:00.000000'),(494,1,-0.80,'下注','0001-01-01 00:00:00.000000','0001-01-01 00:00:00.000000'),(495,1,0.30,'赢','0001-01-01 00:00:00.000000','0001-01-01 00:00:00.000000'),(496,1,-0.10,'下注','0001-01-01 00:00:00.000000','0001-01-01 00:00:00.000000'),(497,1,0.10,'赢','0001-01-01 00:00:00.000000','0001-01-01 00:00:00.000000'),(498,1,-0.80,'下注','0001-01-01 00:00:00.000000','0001-01-01 00:00:00.000000'),(499,1,0.10,'赢','0001-01-01 00:00:00.000000','0001-01-01 00:00:00.000000'),(500,1,-0.20,'下注','0001-01-01 00:00:00.000000','0001-01-01 00:00:00.000000'),(501,1,-0.20,'下注','0001-01-01 00:00:00.000000','0001-01-01 00:00:00.000000'),(502,1,-0.50,'下注','0001-01-01 00:00:00.000000','0001-01-01 00:00:00.000000'),(503,1,0.50,'赢','0001-01-01 00:00:00.000000','0001-01-01 00:00:00.000000'),(504,1,-0.40,'下注','0001-01-01 00:00:00.000000','0001-01-01 00:00:00.000000'),(505,1,-0.40,'下注','0001-01-01 00:00:00.000000','0001-01-01 00:00:00.000000'),(506,1,0.30,'赢','0001-01-01 00:00:00.000000','0001-01-01 00:00:00.000000'),(507,1,-1.00,'','0001-01-01 00:00:00.000000','0001-01-01 00:00:00.000000'),(508,2,-1.00,'','0001-01-01 00:00:00.000000','0001-01-01 00:00:00.000000'),(509,1,1.00,'','0001-01-01 00:00:00.000000','0001-01-01 00:00:00.000000'),(510,2,-1.00,'','0001-01-01 00:00:00.000000','0001-01-01 00:00:00.000000'),(511,1,-1.00,'','0001-01-01 00:00:00.000000','0001-01-01 00:00:00.000000'),(512,1,1.00,'','0001-01-01 00:00:00.000000','0001-01-01 00:00:00.000000'),(513,2,-1.00,'','0001-01-01 00:00:00.000000','0001-01-01 00:00:00.000000'),(514,1,-1.00,'','0001-01-01 00:00:00.000000','0001-01-01 00:00:00.000000'),(515,2,1.00,'','0001-01-01 00:00:00.000000','0001-01-01 00:00:00.000000'),(516,2,-1.00,'','0001-01-01 00:00:00.000000','0001-01-01 00:00:00.000000'),(517,1,-1.00,'','0001-01-01 00:00:00.000000','0001-01-01 00:00:00.000000'),(518,1,1.00,'','0001-01-01 00:00:00.000000','0001-01-01 00:00:00.000000'),(519,1,-1.00,'','0001-01-01 00:00:00.000000','0001-01-01 00:00:00.000000'),(520,2,-1.00,'','0001-01-01 00:00:00.000000','0001-01-01 00:00:00.000000'),(521,2,1.00,'','0001-01-01 00:00:00.000000','0001-01-01 00:00:00.000000'),(522,2,-1.00,'','0001-01-01 00:00:00.000000','0001-01-01 00:00:00.000000'),(523,1,-1.00,'','0001-01-01 00:00:00.000000','0001-01-01 00:00:00.000000'),(524,1,1.00,'','0001-01-01 00:00:00.000000','0001-01-01 00:00:00.000000'),(525,1,-1.00,'','0001-01-01 00:00:00.000000','0001-01-01 00:00:00.000000'),(526,2,-1.00,'','0001-01-01 00:00:00.000000','0001-01-01 00:00:00.000000'),(527,1,1.00,'','0001-01-01 00:00:00.000000','0001-01-01 00:00:00.000000'),(528,1,-1.00,'','0001-01-01 00:00:00.000000','0001-01-01 00:00:00.000000'),(529,1,-1.00,'','0001-01-01 00:00:00.000000','0001-01-01 00:00:00.000000'),(530,2,-1.00,'','0001-01-01 00:00:00.000000','0001-01-01 00:00:00.000000'),(531,1,-1.00,'','0001-01-01 00:00:00.000000','0001-01-01 00:00:00.000000'),(532,1,-1.00,'','0001-01-01 00:00:00.000000','0001-01-01 00:00:00.000000'),(533,1,-1.00,'','0001-01-01 00:00:00.000000','0001-01-01 00:00:00.000000'),(534,1,-1.00,'','0001-01-01 00:00:00.000000','0001-01-01 00:00:00.000000'),(535,1,-1.00,'','0001-01-01 00:00:00.000000','0001-01-01 00:00:00.000000'),(536,1,1.00,'','0001-01-01 00:00:00.000000','0001-01-01 00:00:00.000000'),(537,2,-1.00,'','0001-01-01 00:00:00.000000','0001-01-01 00:00:00.000000'),(538,1,-1.00,'','0001-01-01 00:00:00.000000','0001-01-01 00:00:00.000000'),(539,1,1.00,'','0001-01-01 00:00:00.000000','0001-01-01 00:00:00.000000'),(540,2,-1.00,'','0001-01-01 00:00:00.000000','0001-01-01 00:00:00.000000'),(541,1,-1.00,'','0001-01-01 00:00:00.000000','0001-01-01 00:00:00.000000'),(542,2,-1.00,'','0001-01-01 00:00:00.000000','0001-01-01 00:00:00.000000'),(543,1,1.00,'','0001-01-01 00:00:00.000000','0001-01-01 00:00:00.000000'),(544,1,-1.00,'','0001-01-01 00:00:00.000000','0001-01-01 00:00:00.000000'),(545,2,1.00,'','0001-01-01 00:00:00.000000','0001-01-01 00:00:00.000000'),(546,1,-1.00,'','0001-01-01 00:00:00.000000','0001-01-01 00:00:00.000000'),(547,1,-1.00,'','0001-01-01 00:00:00.000000','0001-01-01 00:00:00.000000'),(548,2,-1.00,'','0001-01-01 00:00:00.000000','0001-01-01 00:00:00.000000'),(549,1,-1.00,'','0001-01-01 00:00:00.000000','0001-01-01 00:00:00.000000'),(550,1,1.00,'','0001-01-01 00:00:00.000000','0001-01-01 00:00:00.000000'),(551,2,-1.00,'','0001-01-01 00:00:00.000000','0001-01-01 00:00:00.000000'),(552,2,-1.00,'','0001-01-01 00:00:00.000000','0001-01-01 00:00:00.000000'),(553,2,1.00,'','0001-01-01 00:00:00.000000','0001-01-01 00:00:00.000000'),(554,1,-1.00,'','0001-01-01 00:00:00.000000','0001-01-01 00:00:00.000000'),(555,2,-1.00,'','0001-01-01 00:00:00.000000','0001-01-01 00:00:00.000000'),(556,1,-1.00,'','0001-01-01 00:00:00.000000','0001-01-01 00:00:00.000000'),(557,2,-1.00,'','0001-01-01 00:00:00.000000','0001-01-01 00:00:00.000000'),(558,2,-1.00,'','0001-01-01 00:00:00.000000','0001-01-01 00:00:00.000000'),(559,2,1.00,'','0001-01-01 00:00:00.000000','0001-01-01 00:00:00.000000'),(560,1,-1.00,'','0001-01-01 00:00:00.000000','0001-01-01 00:00:00.000000'),(561,1,-1.00,'','0001-01-01 00:00:00.000000','0001-01-01 00:00:00.000000'),(562,1,-1.00,'','0001-01-01 00:00:00.000000','0001-01-01 00:00:00.000000'),(563,1,-1.00,'','0001-01-01 00:00:00.000000','0001-01-01 00:00:00.000000'),(564,2,1.00,'','0001-01-01 00:00:00.000000','0001-01-01 00:00:00.000000'),(565,1,-1.00,'','0001-01-01 00:00:00.000000','0001-01-01 00:00:00.000000'),(566,2,-1.00,'','0001-01-01 00:00:00.000000','0001-01-01 00:00:00.000000'),(567,1,-1.00,'','0001-01-01 00:00:00.000000','0001-01-01 00:00:00.000000'),(568,2,-1.00,'','0001-01-01 00:00:00.000000','0001-01-01 00:00:00.000000'),(569,1,1.00,'','0001-01-01 00:00:00.000000','0001-01-01 00:00:00.000000'),(570,2,-1.00,'','0001-01-01 00:00:00.000000','0001-01-01 00:00:00.000000'),(571,1,-1.00,'','0001-01-01 00:00:00.000000','0001-01-01 00:00:00.000000'),(572,1,1.00,'','0001-01-01 00:00:00.000000','0001-01-01 00:00:00.000000'),(573,1,-1.00,'','0001-01-01 00:00:00.000000','0001-01-01 00:00:00.000000'),(574,1,-1.00,'','0001-01-01 00:00:00.000000','0001-01-01 00:00:00.000000'),(575,1,-1.00,'','0001-01-01 00:00:00.000000','0001-01-01 00:00:00.000000'),(576,1,-1.00,'','0001-01-01 00:00:00.000000','0001-01-01 00:00:00.000000'),(577,1,-1.00,'','0001-01-01 00:00:00.000000','0001-01-01 00:00:00.000000'),(578,2,-1.00,'','0001-01-01 00:00:00.000000','0001-01-01 00:00:00.000000'),(579,2,1.00,'','0001-01-01 00:00:00.000000','0001-01-01 00:00:00.000000'),(580,2,-1.00,'','0001-01-01 00:00:00.000000','0001-01-01 00:00:00.000000'),(581,2,-1.00,'','0001-01-01 00:00:00.000000','0001-01-01 00:00:00.000000');
/*!40000 ALTER TABLE `accountdetails` ENABLE KEYS */;
UNLOCK TABLES;

--
-- Table structure for table `accounts`
--

DROP TABLE IF EXISTS `accounts`;
/*!40101 SET @saved_cs_client     = @@character_set_client */;
/*!40101 SET character_set_client = utf8 */;
CREATE TABLE `accounts` (
  `Id` int(11) NOT NULL AUTO_INCREMENT,
  `Balance` decimal(18,2) NOT NULL,
  `WeixinName` longtext,
  `CreateTime` datetime(6) NOT NULL DEFAULT '0001-01-01 00:00:00.000000' ON UPDATE CURRENT_TIMESTAMP(6),
  `ModifyTime` datetime(6) NOT NULL DEFAULT '0001-01-01 00:00:00.000000' ON UPDATE CURRENT_TIMESTAMP(6),
  PRIMARY KEY (`Id`)
) ENGINE=InnoDB AUTO_INCREMENT=8 DEFAULT CHARSET=utf8;
/*!40101 SET character_set_client = @saved_cs_client */;

--
-- Dumping data for table `accounts`
--

LOCK TABLES `accounts` WRITE;
/*!40000 ALTER TABLE `accounts` DISABLE KEYS */;
INSERT INTO `accounts` VALUES (1,923.90,'1','2017-06-09 22:49:53.231246','2017-06-09 22:49:53.231246'),(2,952.10,'2','2017-06-09 22:50:16.560134','2017-06-09 22:50:16.560134'),(3,1000.00,'3','2017-05-28 11:18:44.804582','2017-05-28 11:18:44.804582'),(4,0.70,'4','0001-01-01 00:00:00.000000','0001-01-01 00:00:00.000000'),(5,1.00,'5','2017-05-28 11:18:44.804582','2017-05-28 11:18:44.804582'),(6,1.00,'6','2017-05-28 11:18:44.804582','2017-05-28 11:18:44.804582'),(7,1.00,'7','2017-05-28 11:18:44.804582','2017-05-28 11:18:44.804582');
/*!40000 ALTER TABLE `accounts` ENABLE KEYS */;
UNLOCK TABLES;

--
-- Table structure for table `messages`
--

DROP TABLE IF EXISTS `messages`;
/*!40101 SET @saved_cs_client     = @@character_set_client */;
/*!40101 SET character_set_client = utf8 */;
CREATE TABLE `messages` (
  `Id` int(11) NOT NULL AUTO_INCREMENT,
  `Content` longtext,
  `ReceiverId` int(11) DEFAULT NULL,
  `ReplyContent` longtext,
  `SenderId` int(11) DEFAULT NULL,
  `CreateTime` datetime(6) NOT NULL DEFAULT '0001-01-01 00:00:00.000000' ON UPDATE CURRENT_TIMESTAMP(6),
  `ModifyTime` datetime(6) NOT NULL DEFAULT '0001-01-01 00:00:00.000000' ON UPDATE CURRENT_TIMESTAMP(6),
  PRIMARY KEY (`Id`),
  KEY `IX_Messages_ReceiverId` (`ReceiverId`),
  KEY `IX_Messages_SenderId` (`SenderId`),
  CONSTRAINT `FK_Messages_Players_ReceiverId` FOREIGN KEY (`ReceiverId`) REFERENCES `players` (`Id`) ON DELETE NO ACTION,
  CONSTRAINT `FK_Messages_Players_SenderId` FOREIGN KEY (`SenderId`) REFERENCES `players` (`Id`) ON DELETE NO ACTION
) ENGINE=InnoDB AUTO_INCREMENT=630 DEFAULT CHARSET=utf8;
/*!40101 SET character_set_client = @saved_cs_client */;

--
-- Dumping data for table `messages`
--

LOCK TABLES `messages` WRITE;
/*!40000 ALTER TABLE `messages` DISABLE KEYS */;
INSERT INTO `messages` VALUES (1,'下注-0.8',2,NULL,1,'0001-01-01 00:00:00.000000','0001-01-01 00:00:00.000000'),(2,'赢1',2,NULL,1,'0001-01-01 00:00:00.000000','0001-01-01 00:00:00.000000'),(3,'0',1,NULL,1,'0001-01-01 00:00:00.000000','0001-01-01 00:00:00.000000'),(4,'0',1,NULL,1,'0001-01-01 00:00:00.000000','0001-01-01 00:00:00.000000'),(5,'0',1,NULL,1,'0001-01-01 00:00:00.000000','0001-01-01 00:00:00.000000'),(6,'0',1,NULL,1,'0001-01-01 00:00:00.000000','0001-01-01 00:00:00.000000'),(7,'0',1,NULL,1,'0001-01-01 00:00:00.000000','0001-01-01 00:00:00.000000'),(8,'0',2,NULL,1,'0001-01-01 00:00:00.000000','0001-01-01 00:00:00.000000'),(9,'0',1,NULL,1,'0001-01-01 00:00:00.000000','0001-01-01 00:00:00.000000'),(10,'0',2,NULL,1,'0001-01-01 00:00:00.000000','0001-01-01 00:00:00.000000'),(11,'0',1,NULL,1,'0001-01-01 00:00:00.000000','0001-01-01 00:00:00.000000'),(12,'0',2,NULL,1,'0001-01-01 00:00:00.000000','0001-01-01 00:00:00.000000'),(13,'0',1,NULL,1,'0001-01-01 00:00:00.000000','0001-01-01 00:00:00.000000'),(14,'0',2,NULL,1,'0001-01-01 00:00:00.000000','0001-01-01 00:00:00.000000'),(15,'0.5',2,NULL,1,'0001-01-01 00:00:00.000000','0001-01-01 00:00:00.000000'),(16,'0',2,NULL,1,'0001-01-01 00:00:00.000000','0001-01-01 00:00:00.000000'),(17,'0',1,NULL,1,'0001-01-01 00:00:00.000000','0001-01-01 00:00:00.000000'),(18,'0',2,NULL,1,'0001-01-01 00:00:00.000000','0001-01-01 00:00:00.000000'),(19,'0',1,NULL,1,'0001-01-01 00:00:00.000000','0001-01-01 00:00:00.000000'),(20,'0',2,NULL,1,'0001-01-01 00:00:00.000000','0001-01-01 00:00:00.000000'),(21,'-0.2',1,NULL,1,'0001-01-01 00:00:00.000000','0001-01-01 00:00:00.000000'),(22,'-0.2',2,NULL,1,'0001-01-01 00:00:00.000000','0001-01-01 00:00:00.000000'),(23,'-0.1',2,NULL,1,'0001-01-01 00:00:00.000000','0001-01-01 00:00:00.000000'),(24,'0',2,NULL,1,'0001-01-01 00:00:00.000000','0001-01-01 00:00:00.000000'),(25,'下注-0.8',1,NULL,1,'0001-01-01 00:00:00.000000','0001-01-01 00:00:00.000000'),(26,'赢0.3',1,NULL,1,'0001-01-01 00:00:00.000000','0001-01-01 00:00:00.000000'),(27,'下注-0.1',1,NULL,1,'0001-01-01 00:00:00.000000','0001-01-01 00:00:00.000000'),(28,'下注-0.4',1,NULL,1,'0001-01-01 00:00:00.000000','0001-01-01 00:00:00.000000'),(29,'赢1',1,NULL,1,'0001-01-01 00:00:00.000000','0001-01-01 00:00:00.000000'),(30,'下注-0.4',1,NULL,1,'0001-01-01 00:00:00.000000','0001-01-01 00:00:00.000000'),(31,'下注-0.8',1,NULL,1,'0001-01-01 00:00:00.000000','0001-01-01 00:00:00.000000'),(32,'赢0.3',1,NULL,1,'0001-01-01 00:00:00.000000','0001-01-01 00:00:00.000000'),(33,'下注-0.8',1,NULL,1,'0001-01-01 00:00:00.000000','0001-01-01 00:00:00.000000'),(34,'赢0.3',1,NULL,1,'0001-01-01 00:00:00.000000','0001-01-01 00:00:00.000000'),(35,'下注-0.8',1,NULL,1,'0001-01-01 00:00:00.000000','0001-01-01 00:00:00.000000'),(36,'赢0.1',1,NULL,1,'0001-01-01 00:00:00.000000','0001-01-01 00:00:00.000000'),(37,'下注-0.8',1,NULL,1,'0001-01-01 00:00:00.000000','0001-01-01 00:00:00.000000'),(38,'赢0.5',1,NULL,1,'0001-01-01 00:00:00.000000','0001-01-01 00:00:00.000000'),(39,'0',2,NULL,1,'0001-01-01 00:00:00.000000','0001-01-01 00:00:00.000000'),(40,'下注-0.8',1,NULL,1,'0001-01-01 00:00:00.000000','0001-01-01 00:00:00.000000'),(41,'赢0.1',1,NULL,1,'0001-01-01 00:00:00.000000','0001-01-01 00:00:00.000000'),(42,'下注-0.8',1,NULL,1,'0001-01-01 00:00:00.000000','0001-01-01 00:00:00.000000'),(43,'赢0.3',1,NULL,1,'0001-01-01 00:00:00.000000','0001-01-01 00:00:00.000000'),(44,'下注-0.8',1,NULL,1,'0001-01-01 00:00:00.000000','0001-01-01 00:00:00.000000'),(45,'赢0.3',1,NULL,1,'0001-01-01 00:00:00.000000','0001-01-01 00:00:00.000000'),(46,'下注-0.8',2,NULL,1,'0001-01-01 00:00:00.000000','0001-01-01 00:00:00.000000'),(47,'赢5.9',2,NULL,1,'0001-01-01 00:00:00.000000','0001-01-01 00:00:00.000000'),(48,'下注-0.8',1,NULL,1,'0001-01-01 00:00:00.000000','0001-01-01 00:00:00.000000'),(49,'赢1',1,NULL,1,'0001-01-01 00:00:00.000000','0001-01-01 00:00:00.000000'),(50,'下注-0.8',2,NULL,1,'0001-01-01 00:00:00.000000','0001-01-01 00:00:00.000000'),(51,'赢0.3',2,NULL,1,'0001-01-01 00:00:00.000000','0001-01-01 00:00:00.000000'),(52,'下注-0.8',1,NULL,1,'0001-01-01 00:00:00.000000','0001-01-01 00:00:00.000000'),(53,'赢0.3',1,NULL,1,'0001-01-01 00:00:00.000000','0001-01-01 00:00:00.000000'),(54,'下注-0.8',2,NULL,1,'0001-01-01 00:00:00.000000','0001-01-01 00:00:00.000000'),(55,'赢0.3',2,NULL,1,'0001-01-01 00:00:00.000000','0001-01-01 00:00:00.000000'),(56,'下注-0.8',1,NULL,1,'0001-01-01 00:00:00.000000','0001-01-01 00:00:00.000000'),(57,'赢1',1,NULL,1,'0001-01-01 00:00:00.000000','0001-01-01 00:00:00.000000'),(58,'下注-0.1',2,NULL,1,'0001-01-01 00:00:00.000000','0001-01-01 00:00:00.000000'),(59,'赢0.1',2,NULL,1,'0001-01-01 00:00:00.000000','0001-01-01 00:00:00.000000'),(60,'下注-0.8',1,NULL,1,'0001-01-01 00:00:00.000000','0001-01-01 00:00:00.000000'),(61,'赢0.3',1,NULL,1,'0001-01-01 00:00:00.000000','0001-01-01 00:00:00.000000'),(62,'下注-0.1',2,NULL,1,'0001-01-01 00:00:00.000000','0001-01-01 00:00:00.000000'),(63,'下注-0.8',1,NULL,1,'0001-01-01 00:00:00.000000','0001-01-01 00:00:00.000000'),(64,'赢0.5',1,NULL,1,'0001-01-01 00:00:00.000000','0001-01-01 00:00:00.000000'),(65,'下注-0.8',1,NULL,1,'0001-01-01 00:00:00.000000','0001-01-01 00:00:00.000000'),(66,'赢0.3',1,NULL,1,'0001-01-01 00:00:00.000000','0001-01-01 00:00:00.000000'),(67,'下注-0.1',2,NULL,1,'0001-01-01 00:00:00.000000','0001-01-01 00:00:00.000000'),(68,'下注-0.8',1,NULL,1,'0001-01-01 00:00:00.000000','0001-01-01 00:00:00.000000'),(69,'赢0.3',1,NULL,1,'0001-01-01 00:00:00.000000','0001-01-01 00:00:00.000000'),(70,'下注-0.1',2,NULL,1,'0001-01-01 00:00:00.000000','0001-01-01 00:00:00.000000'),(71,'下注-0.1',2,NULL,1,'0001-01-01 00:00:00.000000','0001-01-01 00:00:00.000000'),(72,'下注-0.8',1,NULL,1,'0001-01-01 00:00:00.000000','0001-01-01 00:00:00.000000'),(73,'赢0.3',1,NULL,1,'0001-01-01 00:00:00.000000','0001-01-01 00:00:00.000000'),(74,'下注-0.8',1,NULL,1,'0001-01-01 00:00:00.000000','0001-01-01 00:00:00.000000'),(75,'赢0.3',1,NULL,1,'0001-01-01 00:00:00.000000','0001-01-01 00:00:00.000000'),(76,'下注-0.8',1,NULL,1,'0001-01-01 00:00:00.000000','0001-01-01 00:00:00.000000'),(77,'赢0.3',1,NULL,1,'0001-01-01 00:00:00.000000','0001-01-01 00:00:00.000000'),(78,'下注-0.8',1,NULL,1,'0001-01-01 00:00:00.000000','0001-01-01 00:00:00.000000'),(79,'赢1',1,NULL,1,'0001-01-01 00:00:00.000000','0001-01-01 00:00:00.000000'),(80,'下注-0.1',2,NULL,1,'0001-01-01 00:00:00.000000','0001-01-01 00:00:00.000000'),(81,'下注-0.3',2,NULL,1,'0001-01-01 00:00:00.000000','0001-01-01 00:00:00.000000'),(82,'下注-0.8',1,NULL,1,'0001-01-01 00:00:00.000000','0001-01-01 00:00:00.000000'),(83,'赢0.1',1,NULL,1,'0001-01-01 00:00:00.000000','0001-01-01 00:00:00.000000'),(84,'0',2,NULL,1,'0001-01-01 00:00:00.000000','0001-01-01 00:00:00.000000'),(85,'0',2,NULL,1,'0001-01-01 00:00:00.000000','0001-01-01 00:00:00.000000'),(86,'0',2,NULL,1,'0001-01-01 00:00:00.000000','0001-01-01 00:00:00.000000'),(87,'0',2,NULL,1,'0001-01-01 00:00:00.000000','0001-01-01 00:00:00.000000'),(88,'0',2,NULL,1,'0001-01-01 00:00:00.000000','0001-01-01 00:00:00.000000'),(89,'0',2,NULL,1,'0001-01-01 00:00:00.000000','0001-01-01 00:00:00.000000'),(90,'0',2,NULL,1,'0001-01-01 00:00:00.000000','0001-01-01 00:00:00.000000'),(91,'0',2,NULL,1,'0001-01-01 00:00:00.000000','0001-01-01 00:00:00.000000'),(92,'0',2,NULL,1,'0001-01-01 00:00:00.000000','0001-01-01 00:00:00.000000'),(93,'0',2,NULL,1,'0001-01-01 00:00:00.000000','0001-01-01 00:00:00.000000'),(94,'0',2,NULL,1,'0001-01-01 00:00:00.000000','0001-01-01 00:00:00.000000'),(95,'0',2,NULL,1,'0001-01-01 00:00:00.000000','0001-01-01 00:00:00.000000'),(96,'0',2,NULL,1,'0001-01-01 00:00:00.000000','0001-01-01 00:00:00.000000'),(97,'0',2,NULL,1,'0001-01-01 00:00:00.000000','0001-01-01 00:00:00.000000'),(98,'0',2,NULL,1,'0001-01-01 00:00:00.000000','0001-01-01 00:00:00.000000'),(99,'0',2,NULL,1,'0001-01-01 00:00:00.000000','0001-01-01 00:00:00.000000'),(100,'0',2,NULL,1,'0001-01-01 00:00:00.000000','0001-01-01 00:00:00.000000'),(101,'0',2,NULL,1,'0001-01-01 00:00:00.000000','0001-01-01 00:00:00.000000'),(102,'0',2,NULL,1,'0001-01-01 00:00:00.000000','0001-01-01 00:00:00.000000'),(103,'0',2,NULL,1,'0001-01-01 00:00:00.000000','0001-01-01 00:00:00.000000'),(104,'0',2,NULL,1,'0001-01-01 00:00:00.000000','0001-01-01 00:00:00.000000'),(105,'0',2,NULL,1,'0001-01-01 00:00:00.000000','0001-01-01 00:00:00.000000'),(106,'0',2,NULL,1,'0001-01-01 00:00:00.000000','0001-01-01 00:00:00.000000'),(107,'0',2,NULL,1,'0001-01-01 00:00:00.000000','0001-01-01 00:00:00.000000'),(108,'0',2,NULL,1,'0001-01-01 00:00:00.000000','0001-01-01 00:00:00.000000'),(109,'0',2,NULL,1,'0001-01-01 00:00:00.000000','0001-01-01 00:00:00.000000'),(110,'0',2,NULL,1,'0001-01-01 00:00:00.000000','0001-01-01 00:00:00.000000'),(111,'0',2,NULL,1,'0001-01-01 00:00:00.000000','0001-01-01 00:00:00.000000'),(112,'0',2,NULL,1,'0001-01-01 00:00:00.000000','0001-01-01 00:00:00.000000'),(113,'0',2,NULL,1,'0001-01-01 00:00:00.000000','0001-01-01 00:00:00.000000'),(114,'0',2,NULL,1,'0001-01-01 00:00:00.000000','0001-01-01 00:00:00.000000'),(115,'0',2,NULL,1,'0001-01-01 00:00:00.000000','0001-01-01 00:00:00.000000'),(116,'-1',1,NULL,1,'0001-01-01 00:00:00.000000','0001-01-01 00:00:00.000000'),(117,'0',2,NULL,1,'0001-01-01 00:00:00.000000','0001-01-01 00:00:00.000000'),(118,'-1',1,NULL,1,'0001-01-01 00:00:00.000000','0001-01-01 00:00:00.000000'),(119,'-1',2,NULL,1,'0001-01-01 00:00:00.000000','0001-01-01 00:00:00.000000'),(120,'0',2,NULL,1,'0001-01-01 00:00:00.000000','0001-01-01 00:00:00.000000'),(121,'-1',1,NULL,1,'0001-01-01 00:00:00.000000','0001-01-01 00:00:00.000000'),(122,'-1',2,NULL,1,'0001-01-01 00:00:00.000000','0001-01-01 00:00:00.000000'),(123,'0',2,NULL,1,'0001-01-01 00:00:00.000000','0001-01-01 00:00:00.000000'),(124,'-1',1,NULL,1,'0001-01-01 00:00:00.000000','0001-01-01 00:00:00.000000'),(125,'-1',2,NULL,1,'0001-01-01 00:00:00.000000','0001-01-01 00:00:00.000000'),(126,'0',2,NULL,1,'0001-01-01 00:00:00.000000','0001-01-01 00:00:00.000000'),(127,'-1',1,NULL,1,'0001-01-01 00:00:00.000000','0001-01-01 00:00:00.000000'),(128,'-1',2,NULL,1,'0001-01-01 00:00:00.000000','0001-01-01 00:00:00.000000'),(129,'0',2,NULL,1,'0001-01-01 00:00:00.000000','0001-01-01 00:00:00.000000'),(130,'-1',1,NULL,1,'0001-01-01 00:00:00.000000','0001-01-01 00:00:00.000000'),(131,'-1',2,NULL,1,'0001-01-01 00:00:00.000000','0001-01-01 00:00:00.000000'),(132,'-1',2,NULL,1,'0001-01-01 00:00:00.000000','0001-01-01 00:00:00.000000'),(133,'0',2,NULL,1,'0001-01-01 00:00:00.000000','0001-01-01 00:00:00.000000'),(134,'-1',1,NULL,1,'0001-01-01 00:00:00.000000','0001-01-01 00:00:00.000000'),(135,'-1',2,NULL,1,'0001-01-01 00:00:00.000000','0001-01-01 00:00:00.000000'),(136,'-1',2,NULL,1,'0001-01-01 00:00:00.000000','0001-01-01 00:00:00.000000'),(137,'-1',2,NULL,1,'0001-01-01 00:00:00.000000','0001-01-01 00:00:00.000000'),(138,'-1',2,NULL,1,'0001-01-01 00:00:00.000000','0001-01-01 00:00:00.000000'),(139,'0',2,NULL,1,'0001-01-01 00:00:00.000000','0001-01-01 00:00:00.000000'),(140,'-1',1,NULL,1,'0001-01-01 00:00:00.000000','0001-01-01 00:00:00.000000'),(141,'-1',2,NULL,1,'0001-01-01 00:00:00.000000','0001-01-01 00:00:00.000000'),(142,'-1',1,NULL,1,'0001-01-01 00:00:00.000000','0001-01-01 00:00:00.000000'),(143,'-1',2,NULL,1,'0001-01-01 00:00:00.000000','0001-01-01 00:00:00.000000'),(144,'-1',2,NULL,1,'0001-01-01 00:00:00.000000','0001-01-01 00:00:00.000000'),(145,'-1',1,NULL,1,'0001-01-01 00:00:00.000000','0001-01-01 00:00:00.000000'),(146,'-1',2,NULL,1,'0001-01-01 00:00:00.000000','0001-01-01 00:00:00.000000'),(147,'-1',1,NULL,1,'0001-01-01 00:00:00.000000','0001-01-01 00:00:00.000000'),(148,'0',2,NULL,1,'0001-01-01 00:00:00.000000','0001-01-01 00:00:00.000000'),(149,'-1',1,NULL,1,'0001-01-01 00:00:00.000000','0001-01-01 00:00:00.000000'),(150,'-1',2,NULL,1,'0001-01-01 00:00:00.000000','0001-01-01 00:00:00.000000'),(151,'0',2,NULL,1,'0001-01-01 00:00:00.000000','0001-01-01 00:00:00.000000'),(152,'-1',1,NULL,1,'0001-01-01 00:00:00.000000','0001-01-01 00:00:00.000000'),(153,'-1',2,NULL,1,'0001-01-01 00:00:00.000000','0001-01-01 00:00:00.000000'),(154,'-1',1,NULL,1,'0001-01-01 00:00:00.000000','0001-01-01 00:00:00.000000'),(155,'-1',2,NULL,1,'0001-01-01 00:00:00.000000','0001-01-01 00:00:00.000000'),(156,'-1',1,NULL,1,'0001-01-01 00:00:00.000000','0001-01-01 00:00:00.000000'),(157,'-1',2,NULL,1,'0001-01-01 00:00:00.000000','0001-01-01 00:00:00.000000'),(158,'-1',1,NULL,1,'0001-01-01 00:00:00.000000','0001-01-01 00:00:00.000000'),(159,'0',2,NULL,1,'0001-01-01 00:00:00.000000','0001-01-01 00:00:00.000000'),(160,'-1',1,NULL,1,'0001-01-01 00:00:00.000000','0001-01-01 00:00:00.000000'),(161,'-1',2,NULL,1,'0001-01-01 00:00:00.000000','0001-01-01 00:00:00.000000'),(162,'-1',2,NULL,1,'0001-01-01 00:00:00.000000','0001-01-01 00:00:00.000000'),(163,'-1',1,NULL,1,'0001-01-01 00:00:00.000000','0001-01-01 00:00:00.000000'),(164,'-1',1,NULL,1,'0001-01-01 00:00:00.000000','0001-01-01 00:00:00.000000'),(165,'-1',2,NULL,1,'0001-01-01 00:00:00.000000','0001-01-01 00:00:00.000000'),(166,'0',2,NULL,1,'0001-01-01 00:00:00.000000','0001-01-01 00:00:00.000000'),(167,'-1',1,NULL,1,'0001-01-01 00:00:00.000000','0001-01-01 00:00:00.000000'),(168,'-1',2,NULL,1,'0001-01-01 00:00:00.000000','0001-01-01 00:00:00.000000'),(169,'-1',1,NULL,1,'0001-01-01 00:00:00.000000','0001-01-01 00:00:00.000000'),(170,'-1',2,NULL,1,'0001-01-01 00:00:00.000000','0001-01-01 00:00:00.000000'),(171,'0',2,NULL,1,'0001-01-01 00:00:00.000000','0001-01-01 00:00:00.000000'),(172,'-1',1,NULL,1,'0001-01-01 00:00:00.000000','0001-01-01 00:00:00.000000'),(173,'-1',2,NULL,1,'0001-01-01 00:00:00.000000','0001-01-01 00:00:00.000000'),(174,'-1',1,NULL,1,'0001-01-01 00:00:00.000000','0001-01-01 00:00:00.000000'),(175,'-1',2,NULL,1,'0001-01-01 00:00:00.000000','0001-01-01 00:00:00.000000'),(176,'-1',1,NULL,1,'0001-01-01 00:00:00.000000','0001-01-01 00:00:00.000000'),(177,'-1',2,NULL,1,'0001-01-01 00:00:00.000000','0001-01-01 00:00:00.000000'),(178,'-1',1,NULL,1,'0001-01-01 00:00:00.000000','0001-01-01 00:00:00.000000'),(179,'-1',2,NULL,1,'0001-01-01 00:00:00.000000','0001-01-01 00:00:00.000000'),(180,'-1',1,NULL,1,'0001-01-01 00:00:00.000000','0001-01-01 00:00:00.000000'),(181,'0',2,NULL,1,'0001-01-01 00:00:00.000000','0001-01-01 00:00:00.000000'),(182,'-1',1,NULL,1,'0001-01-01 00:00:00.000000','0001-01-01 00:00:00.000000'),(183,'-1',2,NULL,1,'0001-01-01 00:00:00.000000','0001-01-01 00:00:00.000000'),(184,'-1',1,NULL,1,'0001-01-01 00:00:00.000000','0001-01-01 00:00:00.000000'),(185,'-1',2,NULL,1,'0001-01-01 00:00:00.000000','0001-01-01 00:00:00.000000'),(186,'0',2,NULL,1,'0001-01-01 00:00:00.000000','0001-01-01 00:00:00.000000'),(187,'-1',1,NULL,1,'0001-01-01 00:00:00.000000','0001-01-01 00:00:00.000000'),(188,'-1',2,NULL,1,'0001-01-01 00:00:00.000000','0001-01-01 00:00:00.000000'),(189,'-1',1,NULL,1,'0001-01-01 00:00:00.000000','0001-01-01 00:00:00.000000'),(190,'-1',2,NULL,1,'0001-01-01 00:00:00.000000','0001-01-01 00:00:00.000000'),(191,'-1',1,NULL,1,'0001-01-01 00:00:00.000000','0001-01-01 00:00:00.000000'),(192,'-1',2,NULL,1,'0001-01-01 00:00:00.000000','0001-01-01 00:00:00.000000'),(193,'-1',1,NULL,1,'0001-01-01 00:00:00.000000','0001-01-01 00:00:00.000000'),(194,'-1',2,NULL,1,'0001-01-01 00:00:00.000000','0001-01-01 00:00:00.000000'),(195,'-1',1,NULL,1,'0001-01-01 00:00:00.000000','0001-01-01 00:00:00.000000'),(196,'-1',2,NULL,1,'0001-01-01 00:00:00.000000','0001-01-01 00:00:00.000000'),(197,'-1',1,NULL,1,'0001-01-01 00:00:00.000000','0001-01-01 00:00:00.000000'),(198,'-1',2,NULL,1,'0001-01-01 00:00:00.000000','0001-01-01 00:00:00.000000'),(199,'0',2,NULL,1,'0001-01-01 00:00:00.000000','0001-01-01 00:00:00.000000'),(200,'-1',1,NULL,1,'0001-01-01 00:00:00.000000','0001-01-01 00:00:00.000000'),(201,'-1',2,NULL,1,'0001-01-01 00:00:00.000000','0001-01-01 00:00:00.000000'),(202,'-1',2,NULL,1,'0001-01-01 00:00:00.000000','0001-01-01 00:00:00.000000'),(203,'-1',1,NULL,1,'0001-01-01 00:00:00.000000','0001-01-01 00:00:00.000000'),(204,'-1',2,NULL,1,'0001-01-01 00:00:00.000000','0001-01-01 00:00:00.000000'),(205,'-1',1,NULL,1,'0001-01-01 00:00:00.000000','0001-01-01 00:00:00.000000'),(206,'0',2,NULL,1,'0001-01-01 00:00:00.000000','0001-01-01 00:00:00.000000'),(207,'-1',1,NULL,1,'0001-01-01 00:00:00.000000','0001-01-01 00:00:00.000000'),(208,'-1',2,NULL,1,'0001-01-01 00:00:00.000000','0001-01-01 00:00:00.000000'),(209,'-1',1,NULL,1,'0001-01-01 00:00:00.000000','0001-01-01 00:00:00.000000'),(210,'0',2,NULL,1,'0001-01-01 00:00:00.000000','0001-01-01 00:00:00.000000'),(211,'-1',1,NULL,1,'0001-01-01 00:00:00.000000','0001-01-01 00:00:00.000000'),(212,'-1',2,NULL,1,'0001-01-01 00:00:00.000000','0001-01-01 00:00:00.000000'),(213,'0',2,NULL,1,'0001-01-01 00:00:00.000000','0001-01-01 00:00:00.000000'),(214,'-1',1,NULL,1,'0001-01-01 00:00:00.000000','0001-01-01 00:00:00.000000'),(215,'-1',2,NULL,1,'0001-01-01 00:00:00.000000','0001-01-01 00:00:00.000000'),(216,'-1',2,NULL,1,'0001-01-01 00:00:00.000000','0001-01-01 00:00:00.000000'),(217,'-1',1,NULL,1,'0001-01-01 00:00:00.000000','0001-01-01 00:00:00.000000'),(218,'-1',2,NULL,1,'0001-01-01 00:00:00.000000','0001-01-01 00:00:00.000000'),(219,'-1',1,NULL,1,'0001-01-01 00:00:00.000000','0001-01-01 00:00:00.000000'),(220,'-1',1,NULL,1,'0001-01-01 00:00:00.000000','0001-01-01 00:00:00.000000'),(221,'-1',2,NULL,1,'0001-01-01 00:00:00.000000','0001-01-01 00:00:00.000000'),(222,'1',1,NULL,1,'0001-01-01 00:00:00.000000','0001-01-01 00:00:00.000000'),(223,'-1',2,NULL,1,'0001-01-01 00:00:00.000000','0001-01-01 00:00:00.000000'),(224,'-1',1,NULL,1,'0001-01-01 00:00:00.000000','0001-01-01 00:00:00.000000'),(225,'1',2,NULL,1,'0001-01-01 00:00:00.000000','0001-01-01 00:00:00.000000'),(226,'-1',1,NULL,1,'0001-01-01 00:00:00.000000','0001-01-01 00:00:00.000000'),(227,'-1',2,NULL,1,'0001-01-01 00:00:00.000000','0001-01-01 00:00:00.000000'),(228,'-1',1,NULL,1,'0001-01-01 00:00:00.000000','0001-01-01 00:00:00.000000'),(229,'1',1,NULL,1,'0001-01-01 00:00:00.000000','0001-01-01 00:00:00.000000'),(230,'-1',2,NULL,1,'0001-01-01 00:00:00.000000','0001-01-01 00:00:00.000000'),(231,'-1',1,NULL,1,'0001-01-01 00:00:00.000000','0001-01-01 00:00:00.000000'),(232,'1',1,NULL,1,'0001-01-01 00:00:00.000000','0001-01-01 00:00:00.000000'),(233,'-1',1,NULL,1,'0001-01-01 00:00:00.000000','0001-01-01 00:00:00.000000'),(234,'-1',2,NULL,1,'0001-01-01 00:00:00.000000','0001-01-01 00:00:00.000000'),(235,'1',1,NULL,1,'0001-01-01 00:00:00.000000','0001-01-01 00:00:00.000000'),(236,'-1',1,NULL,1,'0001-01-01 00:00:00.000000','0001-01-01 00:00:00.000000'),(237,'-1',2,NULL,1,'0001-01-01 00:00:00.000000','0001-01-01 00:00:00.000000'),(238,'1',1,NULL,1,'0001-01-01 00:00:00.000000','0001-01-01 00:00:00.000000'),(239,'-1',1,NULL,1,'0001-01-01 00:00:00.000000','0001-01-01 00:00:00.000000'),(240,'-1',2,NULL,1,'0001-01-01 00:00:00.000000','0001-01-01 00:00:00.000000'),(241,'1',1,NULL,1,'0001-01-01 00:00:00.000000','0001-01-01 00:00:00.000000'),(242,'-1',2,NULL,1,'0001-01-01 00:00:00.000000','0001-01-01 00:00:00.000000'),(243,'-1',1,NULL,1,'0001-01-01 00:00:00.000000','0001-01-01 00:00:00.000000'),(244,'1',2,NULL,1,'0001-01-01 00:00:00.000000','0001-01-01 00:00:00.000000'),(245,'-1',1,NULL,1,'0001-01-01 00:00:00.000000','0001-01-01 00:00:00.000000'),(246,'-1',2,NULL,1,'0001-01-01 00:00:00.000000','0001-01-01 00:00:00.000000'),(247,'1',2,NULL,1,'0001-01-01 00:00:00.000000','0001-01-01 00:00:00.000000'),(248,'-1',1,NULL,1,'0001-01-01 00:00:00.000000','0001-01-01 00:00:00.000000'),(249,'-1',2,NULL,1,'0001-01-01 00:00:00.000000','0001-01-01 00:00:00.000000'),(250,'1',2,NULL,1,'0001-01-01 00:00:00.000000','0001-01-01 00:00:00.000000'),(251,'-1',1,NULL,1,'0001-01-01 00:00:00.000000','0001-01-01 00:00:00.000000'),(252,'-1',1,NULL,1,'0001-01-01 00:00:00.000000','0001-01-01 00:00:00.000000'),(253,'1',1,NULL,1,'0001-01-01 00:00:00.000000','0001-01-01 00:00:00.000000'),(254,'-1',1,NULL,1,'0001-01-01 00:00:00.000000','0001-01-01 00:00:00.000000'),(255,'-1',2,NULL,1,'0001-01-01 00:00:00.000000','0001-01-01 00:00:00.000000'),(256,'1',1,NULL,1,'0001-01-01 00:00:00.000000','0001-01-01 00:00:00.000000'),(257,'-1',1,NULL,1,'0001-01-01 00:00:00.000000','0001-01-01 00:00:00.000000'),(258,'-1',2,NULL,1,'0001-01-01 00:00:00.000000','0001-01-01 00:00:00.000000'),(259,'-1',1,NULL,1,'0001-01-01 00:00:00.000000','0001-01-01 00:00:00.000000'),(260,'-1',2,NULL,1,'0001-01-01 00:00:00.000000','0001-01-01 00:00:00.000000'),(261,'-1',1,NULL,1,'0001-01-01 00:00:00.000000','0001-01-01 00:00:00.000000'),(262,'-1',2,NULL,1,'0001-01-01 00:00:00.000000','0001-01-01 00:00:00.000000'),(263,'-1',1,NULL,1,'0001-01-01 00:00:00.000000','0001-01-01 00:00:00.000000'),(264,'-1',2,NULL,1,'0001-01-01 00:00:00.000000','0001-01-01 00:00:00.000000'),(265,'-1',1,NULL,1,'0001-01-01 00:00:00.000000','0001-01-01 00:00:00.000000'),(266,'-1',1,NULL,1,'0001-01-01 00:00:00.000000','0001-01-01 00:00:00.000000'),(267,'-1',2,NULL,1,'0001-01-01 00:00:00.000000','0001-01-01 00:00:00.000000'),(268,'-1',1,NULL,1,'0001-01-01 00:00:00.000000','0001-01-01 00:00:00.000000'),(269,'-1',2,NULL,1,'0001-01-01 00:00:00.000000','0001-01-01 00:00:00.000000'),(270,'-1',1,NULL,1,'0001-01-01 00:00:00.000000','0001-01-01 00:00:00.000000'),(271,'-1',1,NULL,1,'0001-01-01 00:00:00.000000','0001-01-01 00:00:00.000000'),(272,'-1',1,NULL,1,'0001-01-01 00:00:00.000000','0001-01-01 00:00:00.000000'),(273,'-1',2,NULL,1,'0001-01-01 00:00:00.000000','0001-01-01 00:00:00.000000'),(274,'-1',1,NULL,1,'0001-01-01 00:00:00.000000','0001-01-01 00:00:00.000000'),(275,'-1',2,NULL,1,'0001-01-01 00:00:00.000000','0001-01-01 00:00:00.000000'),(276,'-1',1,NULL,1,'0001-01-01 00:00:00.000000','0001-01-01 00:00:00.000000'),(277,'-1',2,NULL,1,'0001-01-01 00:00:00.000000','0001-01-01 00:00:00.000000'),(278,'-1',1,NULL,1,'0001-01-01 00:00:00.000000','0001-01-01 00:00:00.000000'),(279,'-1',2,NULL,1,'0001-01-01 00:00:00.000000','0001-01-01 00:00:00.000000'),(280,'-1',1,NULL,1,'0001-01-01 00:00:00.000000','0001-01-01 00:00:00.000000'),(281,'-1',1,NULL,1,'0001-01-01 00:00:00.000000','0001-01-01 00:00:00.000000'),(282,'-1',1,NULL,1,'0001-01-01 00:00:00.000000','0001-01-01 00:00:00.000000'),(283,'-1',1,NULL,1,'0001-01-01 00:00:00.000000','0001-01-01 00:00:00.000000'),(284,'-1',1,NULL,1,'0001-01-01 00:00:00.000000','0001-01-01 00:00:00.000000'),(285,'-1',1,NULL,1,'0001-01-01 00:00:00.000000','0001-01-01 00:00:00.000000'),(286,'-1',2,NULL,1,'0001-01-01 00:00:00.000000','0001-01-01 00:00:00.000000'),(287,'-1',1,NULL,1,'0001-01-01 00:00:00.000000','0001-01-01 00:00:00.000000'),(288,'-1',2,NULL,1,'0001-01-01 00:00:00.000000','0001-01-01 00:00:00.000000'),(289,'-1',1,NULL,1,'0001-01-01 00:00:00.000000','0001-01-01 00:00:00.000000'),(290,'-1',2,NULL,1,'0001-01-01 00:00:00.000000','0001-01-01 00:00:00.000000'),(291,'1',2,NULL,1,'0001-01-01 00:00:00.000000','0001-01-01 00:00:00.000000'),(292,'-1',2,NULL,1,'0001-01-01 00:00:00.000000','0001-01-01 00:00:00.000000'),(293,'-1',1,NULL,1,'0001-01-01 00:00:00.000000','0001-01-01 00:00:00.000000'),(294,'1',2,NULL,1,'0001-01-01 00:00:00.000000','0001-01-01 00:00:00.000000'),(295,'-1',1,NULL,1,'0001-01-01 00:00:00.000000','0001-01-01 00:00:00.000000'),(296,'-1',1,NULL,1,'0001-01-01 00:00:00.000000','0001-01-01 00:00:00.000000'),(297,'1',2,NULL,1,'0001-01-01 00:00:00.000000','0001-01-01 00:00:00.000000'),(298,'-1',1,NULL,1,'0001-01-01 00:00:00.000000','0001-01-01 00:00:00.000000'),(299,'1',1,NULL,1,'0001-01-01 00:00:00.000000','0001-01-01 00:00:00.000000'),(300,'-1',2,NULL,1,'0001-01-01 00:00:00.000000','0001-01-01 00:00:00.000000'),(301,'-1',1,NULL,1,'0001-01-01 00:00:00.000000','0001-01-01 00:00:00.000000'),(302,'1',1,NULL,1,'0001-01-01 00:00:00.000000','0001-01-01 00:00:00.000000'),(303,'-1',1,NULL,1,'0001-01-01 00:00:00.000000','0001-01-01 00:00:00.000000'),(305,'-1',1,NULL,1,'0001-01-01 00:00:00.000000','0001-01-01 00:00:00.000000'),(306,'1',2,NULL,1,'0001-01-01 00:00:00.000000','0001-01-01 00:00:00.000000'),(307,'-1',1,NULL,1,'0001-01-01 00:00:00.000000','0001-01-01 00:00:00.000000'),(308,'-1',2,NULL,1,'0001-01-01 00:00:00.000000','0001-01-01 00:00:00.000000'),(309,'1',2,NULL,1,'0001-01-01 00:00:00.000000','0001-01-01 00:00:00.000000'),(310,'-1',1,NULL,1,'0001-01-01 00:00:00.000000','0001-01-01 00:00:00.000000'),(311,'-1',1,NULL,1,'0001-01-01 00:00:00.000000','0001-01-01 00:00:00.000000'),(312,'-1',2,NULL,1,'0001-01-01 00:00:00.000000','0001-01-01 00:00:00.000000'),(313,'1',1,NULL,1,'0001-01-01 00:00:00.000000','0001-01-01 00:00:00.000000'),(314,'-1',1,NULL,1,'0001-01-01 00:00:00.000000','0001-01-01 00:00:00.000000'),(315,'-1',2,NULL,1,'0001-01-01 00:00:00.000000','0001-01-01 00:00:00.000000'),(316,'1',2,NULL,1,'0001-01-01 00:00:00.000000','0001-01-01 00:00:00.000000'),(317,'下注',1,NULL,NULL,'0001-01-01 00:00:00.000000','0001-01-01 00:00:00.000000'),(318,'赢',1,NULL,NULL,'0001-01-01 00:00:00.000000','0001-01-01 00:00:00.000000'),(319,'下注',1,NULL,NULL,'0001-01-01 00:00:00.000000','0001-01-01 00:00:00.000000'),(320,'赢',1,NULL,NULL,'0001-01-01 00:00:00.000000','0001-01-01 00:00:00.000000'),(321,'下注',1,NULL,NULL,'0001-01-01 00:00:00.000000','0001-01-01 00:00:00.000000'),(322,'赢',1,NULL,NULL,'0001-01-01 00:00:00.000000','0001-01-01 00:00:00.000000'),(323,'下注',1,NULL,NULL,'0001-01-01 00:00:00.000000','0001-01-01 00:00:00.000000'),(324,'赢',1,NULL,NULL,'0001-01-01 00:00:00.000000','0001-01-01 00:00:00.000000'),(325,'下注',1,NULL,NULL,'0001-01-01 00:00:00.000000','0001-01-01 00:00:00.000000'),(326,'赢',1,NULL,NULL,'0001-01-01 00:00:00.000000','0001-01-01 00:00:00.000000'),(327,'下注',1,NULL,NULL,'0001-01-01 00:00:00.000000','0001-01-01 00:00:00.000000'),(328,'赢',1,NULL,NULL,'0001-01-01 00:00:00.000000','0001-01-01 00:00:00.000000'),(329,'下注',1,NULL,NULL,'0001-01-01 00:00:00.000000','0001-01-01 00:00:00.000000'),(330,'赢',1,NULL,NULL,'0001-01-01 00:00:00.000000','0001-01-01 00:00:00.000000'),(331,'下注',1,NULL,NULL,'0001-01-01 00:00:00.000000','0001-01-01 00:00:00.000000'),(332,'赢',1,NULL,NULL,'0001-01-01 00:00:00.000000','0001-01-01 00:00:00.000000'),(333,'下注',1,NULL,NULL,'0001-01-01 00:00:00.000000','0001-01-01 00:00:00.000000'),(334,'赢',1,NULL,NULL,'0001-01-01 00:00:00.000000','0001-01-01 00:00:00.000000'),(335,'下注',1,NULL,NULL,'0001-01-01 00:00:00.000000','0001-01-01 00:00:00.000000'),(336,'赢',1,NULL,NULL,'0001-01-01 00:00:00.000000','0001-01-01 00:00:00.000000'),(337,'下注',1,NULL,NULL,'0001-01-01 00:00:00.000000','0001-01-01 00:00:00.000000'),(338,'赢',1,NULL,NULL,'0001-01-01 00:00:00.000000','0001-01-01 00:00:00.000000'),(339,'下注',1,NULL,NULL,'0001-01-01 00:00:00.000000','0001-01-01 00:00:00.000000'),(340,'赢',1,NULL,NULL,'0001-01-01 00:00:00.000000','0001-01-01 00:00:00.000000'),(341,'下注',1,NULL,NULL,'0001-01-01 00:00:00.000000','0001-01-01 00:00:00.000000'),(342,'赢',1,NULL,NULL,'0001-01-01 00:00:00.000000','0001-01-01 00:00:00.000000'),(343,'下注',1,NULL,NULL,'0001-01-01 00:00:00.000000','0001-01-01 00:00:00.000000'),(344,'赢',1,NULL,NULL,'0001-01-01 00:00:00.000000','0001-01-01 00:00:00.000000'),(345,'下注',1,NULL,NULL,'0001-01-01 00:00:00.000000','0001-01-01 00:00:00.000000'),(346,'赢',1,NULL,NULL,'0001-01-01 00:00:00.000000','0001-01-01 00:00:00.000000'),(347,'下注',1,NULL,NULL,'0001-01-01 00:00:00.000000','0001-01-01 00:00:00.000000'),(348,'赢',1,NULL,NULL,'0001-01-01 00:00:00.000000','0001-01-01 00:00:00.000000'),(349,'下注',1,NULL,NULL,'0001-01-01 00:00:00.000000','0001-01-01 00:00:00.000000'),(350,'赢',1,NULL,NULL,'0001-01-01 00:00:00.000000','0001-01-01 00:00:00.000000'),(351,'下注',1,NULL,NULL,'0001-01-01 00:00:00.000000','0001-01-01 00:00:00.000000'),(352,'赢',1,NULL,NULL,'0001-01-01 00:00:00.000000','0001-01-01 00:00:00.000000'),(353,'下注',1,NULL,NULL,'0001-01-01 00:00:00.000000','0001-01-01 00:00:00.000000'),(354,'赢',1,NULL,NULL,'0001-01-01 00:00:00.000000','0001-01-01 00:00:00.000000'),(355,'下注',1,NULL,NULL,'0001-01-01 00:00:00.000000','0001-01-01 00:00:00.000000'),(356,'赢',1,NULL,NULL,'0001-01-01 00:00:00.000000','0001-01-01 00:00:00.000000'),(357,'下注',1,NULL,NULL,'0001-01-01 00:00:00.000000','0001-01-01 00:00:00.000000'),(358,'赢',1,NULL,NULL,'0001-01-01 00:00:00.000000','0001-01-01 00:00:00.000000'),(359,'下注',1,NULL,NULL,'0001-01-01 00:00:00.000000','0001-01-01 00:00:00.000000'),(360,'赢',1,NULL,NULL,'0001-01-01 00:00:00.000000','0001-01-01 00:00:00.000000'),(361,'下注',1,NULL,NULL,'0001-01-01 00:00:00.000000','0001-01-01 00:00:00.000000'),(362,'赢',1,NULL,NULL,'0001-01-01 00:00:00.000000','0001-01-01 00:00:00.000000'),(363,'下注',1,NULL,NULL,'0001-01-01 00:00:00.000000','0001-01-01 00:00:00.000000'),(364,'下注',1,NULL,NULL,'0001-01-01 00:00:00.000000','0001-01-01 00:00:00.000000'),(365,'下注',1,NULL,NULL,'0001-01-01 00:00:00.000000','0001-01-01 00:00:00.000000'),(366,'赢',1,NULL,NULL,'0001-01-01 00:00:00.000000','0001-01-01 00:00:00.000000'),(367,'下注',1,NULL,NULL,'0001-01-01 00:00:00.000000','0001-01-01 00:00:00.000000'),(368,'赢',1,NULL,NULL,'0001-01-01 00:00:00.000000','0001-01-01 00:00:00.000000'),(369,'下注',1,NULL,1,'0001-01-01 00:00:00.000000','0001-01-01 00:00:00.000000'),(370,'赢',1,NULL,1,'0001-01-01 00:00:00.000000','0001-01-01 00:00:00.000000'),(371,'下注',1,NULL,1,'0001-01-01 00:00:00.000000','0001-01-01 00:00:00.000000'),(372,'赢',1,NULL,1,'0001-01-01 00:00:00.000000','0001-01-01 00:00:00.000000'),(373,'下注',1,NULL,1,'0001-01-01 00:00:00.000000','0001-01-01 00:00:00.000000'),(374,'赢',1,NULL,1,'0001-01-01 00:00:00.000000','0001-01-01 00:00:00.000000'),(375,'下注',2,NULL,1,'0001-01-01 00:00:00.000000','0001-01-01 00:00:00.000000'),(376,'赢',2,NULL,1,'0001-01-01 00:00:00.000000','0001-01-01 00:00:00.000000'),(377,'下注',1,NULL,1,'0001-01-01 00:00:00.000000','0001-01-01 00:00:00.000000'),(378,'赢',1,NULL,1,'0001-01-01 00:00:00.000000','0001-01-01 00:00:00.000000'),(379,'下注',1,NULL,1,'0001-01-01 00:00:00.000000','0001-01-01 00:00:00.000000'),(380,'赢',1,NULL,1,'0001-01-01 00:00:00.000000','0001-01-01 00:00:00.000000'),(381,'下注',2,NULL,1,'0001-01-01 00:00:00.000000','0001-01-01 00:00:00.000000'),(382,'赢',2,NULL,1,'0001-01-01 00:00:00.000000','0001-01-01 00:00:00.000000'),(383,'下注',1,NULL,1,'0001-01-01 00:00:00.000000','0001-01-01 00:00:00.000000'),(384,'赢',1,NULL,1,'0001-01-01 00:00:00.000000','0001-01-01 00:00:00.000000'),(385,'下注',1,NULL,1,'0001-01-01 00:00:00.000000','0001-01-01 00:00:00.000000'),(386,'赢',1,NULL,1,'0001-01-01 00:00:00.000000','0001-01-01 00:00:00.000000'),(387,'下注',2,NULL,1,'0001-01-01 00:00:00.000000','0001-01-01 00:00:00.000000'),(388,'赢',2,NULL,1,'0001-01-01 00:00:00.000000','0001-01-01 00:00:00.000000'),(389,'下注',1,NULL,1,'0001-01-01 00:00:00.000000','0001-01-01 00:00:00.000000'),(390,'赢',1,NULL,1,'0001-01-01 00:00:00.000000','0001-01-01 00:00:00.000000'),(391,'下注',2,NULL,1,'0001-01-01 00:00:00.000000','0001-01-01 00:00:00.000000'),(392,'赢',2,NULL,1,'0001-01-01 00:00:00.000000','0001-01-01 00:00:00.000000'),(393,'下注',1,NULL,1,'0001-01-01 00:00:00.000000','0001-01-01 00:00:00.000000'),(394,'赢',1,NULL,1,'0001-01-01 00:00:00.000000','0001-01-01 00:00:00.000000'),(395,'下注',2,NULL,1,'0001-01-01 00:00:00.000000','0001-01-01 00:00:00.000000'),(396,'赢',2,NULL,1,'0001-01-01 00:00:00.000000','0001-01-01 00:00:00.000000'),(397,'下注',1,NULL,1,'0001-01-01 00:00:00.000000','0001-01-01 00:00:00.000000'),(398,'下注',1,NULL,1,'0001-01-01 00:00:00.000000','0001-01-01 00:00:00.000000'),(399,'赢',1,NULL,1,'0001-01-01 00:00:00.000000','0001-01-01 00:00:00.000000'),(400,'下注',2,NULL,1,'0001-01-01 00:00:00.000000','0001-01-01 00:00:00.000000'),(401,'赢',2,NULL,1,'0001-01-01 00:00:00.000000','0001-01-01 00:00:00.000000'),(402,'下注',2,NULL,1,'0001-01-01 00:00:00.000000','0001-01-01 00:00:00.000000'),(403,'赢',2,NULL,1,'0001-01-01 00:00:00.000000','0001-01-01 00:00:00.000000'),(404,'下注',1,NULL,1,'0001-01-01 00:00:00.000000','0001-01-01 00:00:00.000000'),(405,'赢',1,NULL,1,'0001-01-01 00:00:00.000000','0001-01-01 00:00:00.000000'),(406,'下注',2,NULL,1,'0001-01-01 00:00:00.000000','0001-01-01 00:00:00.000000'),(407,'下注',1,NULL,1,'0001-01-01 00:00:00.000000','0001-01-01 00:00:00.000000'),(408,'下注',2,NULL,1,'0001-01-01 00:00:00.000000','0001-01-01 00:00:00.000000'),(409,'下注',1,NULL,1,'0001-01-01 00:00:00.000000','0001-01-01 00:00:00.000000'),(410,'下注',1,NULL,1,'0001-01-01 00:00:00.000000','0001-01-01 00:00:00.000000'),(411,'下注',1,NULL,1,'0001-01-01 00:00:00.000000','0001-01-01 00:00:00.000000'),(412,'赢',1,NULL,1,'0001-01-01 00:00:00.000000','0001-01-01 00:00:00.000000'),(413,'下注',1,NULL,1,'0001-01-01 00:00:00.000000','0001-01-01 00:00:00.000000'),(414,'赢',1,NULL,1,'0001-01-01 00:00:00.000000','0001-01-01 00:00:00.000000'),(415,'下注',1,NULL,1,'0001-01-01 00:00:00.000000','0001-01-01 00:00:00.000000'),(416,'赢',1,NULL,1,'0001-01-01 00:00:00.000000','0001-01-01 00:00:00.000000'),(417,'下注',1,NULL,1,'0001-01-01 00:00:00.000000','0001-01-01 00:00:00.000000'),(418,'赢',1,NULL,1,'0001-01-01 00:00:00.000000','0001-01-01 00:00:00.000000'),(419,'下注',1,NULL,1,'0001-01-01 00:00:00.000000','0001-01-01 00:00:00.000000'),(420,'赢',1,NULL,1,'0001-01-01 00:00:00.000000','0001-01-01 00:00:00.000000'),(421,'下注',1,NULL,1,'0001-01-01 00:00:00.000000','0001-01-01 00:00:00.000000'),(422,'赢',1,NULL,1,'0001-01-01 00:00:00.000000','0001-01-01 00:00:00.000000'),(423,'下注',1,NULL,1,'0001-01-01 00:00:00.000000','0001-01-01 00:00:00.000000'),(424,'赢',1,NULL,1,'0001-01-01 00:00:00.000000','0001-01-01 00:00:00.000000'),(425,'下注',1,NULL,1,'0001-01-01 00:00:00.000000','0001-01-01 00:00:00.000000'),(426,'赢',1,NULL,1,'0001-01-01 00:00:00.000000','0001-01-01 00:00:00.000000'),(427,'下注',4,NULL,1,'0001-01-01 00:00:00.000000','0001-01-01 00:00:00.000000'),(428,'赢',4,NULL,1,'0001-01-01 00:00:00.000000','0001-01-01 00:00:00.000000'),(429,'下注',1,NULL,1,'0001-01-01 00:00:00.000000','0001-01-01 00:00:00.000000'),(430,'赢',1,NULL,1,'0001-01-01 00:00:00.000000','0001-01-01 00:00:00.000000'),(431,'下注',1,NULL,1,'0001-01-01 00:00:00.000000','0001-01-01 00:00:00.000000'),(432,'赢',1,NULL,1,'0001-01-01 00:00:00.000000','0001-01-01 00:00:00.000000'),(433,'下注',1,NULL,1,'0001-01-01 00:00:00.000000','0001-01-01 00:00:00.000000'),(434,'123',4,NULL,1,'0001-01-01 00:00:00.000000','0001-01-01 00:00:00.000000'),(435,'下注',1,NULL,1,'0001-01-01 00:00:00.000000','0001-01-01 00:00:00.000000'),(436,'赢',1,NULL,1,'0001-01-01 00:00:00.000000','0001-01-01 00:00:00.000000'),(437,'下注',1,NULL,1,'0001-01-01 00:00:00.000000','0001-01-01 00:00:00.000000'),(438,'赢',1,NULL,1,'0001-01-01 00:00:00.000000','0001-01-01 00:00:00.000000'),(439,'下注',1,NULL,1,'0001-01-01 00:00:00.000000','0001-01-01 00:00:00.000000'),(440,'赢',1,NULL,1,'0001-01-01 00:00:00.000000','0001-01-01 00:00:00.000000'),(441,'134',4,NULL,1,'0001-01-01 00:00:00.000000','0001-01-01 00:00:00.000000'),(442,'',1,NULL,NULL,'0001-01-01 00:00:00.000000','0001-01-01 00:00:00.000000'),(443,'',2,NULL,NULL,'0001-01-01 00:00:00.000000','0001-01-01 00:00:00.000000'),(444,'',2,NULL,NULL,'0001-01-01 00:00:00.000000','0001-01-01 00:00:00.000000'),(445,'',1,NULL,NULL,'0001-01-01 00:00:00.000000','0001-01-01 00:00:00.000000'),(446,'',2,NULL,NULL,'0001-01-01 00:00:00.000000','0001-01-01 00:00:00.000000'),(447,'',1,NULL,NULL,'0001-01-01 00:00:00.000000','0001-01-01 00:00:00.000000'),(448,'',1,NULL,NULL,'0001-01-01 00:00:00.000000','0001-01-01 00:00:00.000000'),(449,'',2,NULL,NULL,'0001-01-01 00:00:00.000000','0001-01-01 00:00:00.000000'),(450,'',1,NULL,NULL,'0001-01-01 00:00:00.000000','0001-01-01 00:00:00.000000'),(451,'',2,NULL,NULL,'0001-01-01 00:00:00.000000','0001-01-01 00:00:00.000000'),(452,'',1,NULL,NULL,'0001-01-01 00:00:00.000000','0001-01-01 00:00:00.000000'),(453,'',2,NULL,NULL,'0001-01-01 00:00:00.000000','0001-01-01 00:00:00.000000'),(454,'',1,NULL,NULL,'0001-01-01 00:00:00.000000','0001-01-01 00:00:00.000000'),(455,'',1,NULL,NULL,'0001-01-01 00:00:00.000000','0001-01-01 00:00:00.000000'),(456,'',2,NULL,NULL,'0001-01-01 00:00:00.000000','0001-01-01 00:00:00.000000'),(457,'',2,NULL,NULL,'0001-01-01 00:00:00.000000','0001-01-01 00:00:00.000000'),(458,'',2,NULL,NULL,'0001-01-01 00:00:00.000000','0001-01-01 00:00:00.000000'),(459,'',1,NULL,NULL,'0001-01-01 00:00:00.000000','0001-01-01 00:00:00.000000'),(460,'',2,NULL,NULL,'0001-01-01 00:00:00.000000','0001-01-01 00:00:00.000000'),(461,'',1,NULL,NULL,'0001-01-01 00:00:00.000000','0001-01-01 00:00:00.000000'),(462,'',2,NULL,NULL,'0001-01-01 00:00:00.000000','0001-01-01 00:00:00.000000'),(463,'',1,NULL,NULL,'0001-01-01 00:00:00.000000','0001-01-01 00:00:00.000000'),(464,'',2,NULL,NULL,'0001-01-01 00:00:00.000000','0001-01-01 00:00:00.000000'),(465,'',1,NULL,NULL,'0001-01-01 00:00:00.000000','0001-01-01 00:00:00.000000'),(466,'',1,NULL,NULL,'0001-01-01 00:00:00.000000','0001-01-01 00:00:00.000000'),(467,'',1,NULL,NULL,'0001-01-01 00:00:00.000000','0001-01-01 00:00:00.000000'),(468,'',2,NULL,NULL,'0001-01-01 00:00:00.000000','0001-01-01 00:00:00.000000'),(469,'',2,NULL,NULL,'0001-01-01 00:00:00.000000','0001-01-01 00:00:00.000000'),(470,'',1,NULL,NULL,'0001-01-01 00:00:00.000000','0001-01-01 00:00:00.000000'),(471,'',2,NULL,NULL,'0001-01-01 00:00:00.000000','0001-01-01 00:00:00.000000'),(472,'',2,NULL,NULL,'0001-01-01 00:00:00.000000','0001-01-01 00:00:00.000000'),(473,'',2,NULL,NULL,'0001-01-01 00:00:00.000000','0001-01-01 00:00:00.000000'),(474,'',1,NULL,NULL,'0001-01-01 00:00:00.000000','0001-01-01 00:00:00.000000'),(475,'',2,NULL,NULL,'0001-01-01 00:00:00.000000','0001-01-01 00:00:00.000000'),(476,'',1,NULL,NULL,'0001-01-01 00:00:00.000000','0001-01-01 00:00:00.000000'),(477,'',2,NULL,NULL,'0001-01-01 00:00:00.000000','0001-01-01 00:00:00.000000'),(478,'',1,NULL,NULL,'0001-01-01 00:00:00.000000','0001-01-01 00:00:00.000000'),(479,'',2,NULL,NULL,'0001-01-01 00:00:00.000000','0001-01-01 00:00:00.000000'),(480,'',1,NULL,NULL,'0001-01-01 00:00:00.000000','0001-01-01 00:00:00.000000'),(481,'',2,NULL,NULL,'0001-01-01 00:00:00.000000','0001-01-01 00:00:00.000000'),(482,'',1,NULL,NULL,'0001-01-01 00:00:00.000000','0001-01-01 00:00:00.000000'),(483,'',2,NULL,NULL,'0001-01-01 00:00:00.000000','0001-01-01 00:00:00.000000'),(484,'',1,NULL,NULL,'0001-01-01 00:00:00.000000','0001-01-01 00:00:00.000000'),(485,'',2,NULL,NULL,'0001-01-01 00:00:00.000000','0001-01-01 00:00:00.000000'),(486,'',1,NULL,NULL,'0001-01-01 00:00:00.000000','0001-01-01 00:00:00.000000'),(487,'',2,NULL,NULL,'0001-01-01 00:00:00.000000','0001-01-01 00:00:00.000000'),(488,'',1,NULL,NULL,'0001-01-01 00:00:00.000000','0001-01-01 00:00:00.000000'),(489,'',1,NULL,NULL,'0001-01-01 00:00:00.000000','0001-01-01 00:00:00.000000'),(490,'',2,NULL,NULL,'0001-01-01 00:00:00.000000','0001-01-01 00:00:00.000000'),(491,'',1,NULL,NULL,'0001-01-01 00:00:00.000000','0001-01-01 00:00:00.000000'),(492,'',2,NULL,NULL,'0001-01-01 00:00:00.000000','0001-01-01 00:00:00.000000'),(493,'',2,NULL,NULL,'0001-01-01 00:00:00.000000','0001-01-01 00:00:00.000000'),(494,'',1,NULL,NULL,'0001-01-01 00:00:00.000000','0001-01-01 00:00:00.000000'),(495,'',2,NULL,NULL,'0001-01-01 00:00:00.000000','0001-01-01 00:00:00.000000'),(496,'',2,NULL,NULL,'0001-01-01 00:00:00.000000','0001-01-01 00:00:00.000000'),(497,'',1,NULL,NULL,'0001-01-01 00:00:00.000000','0001-01-01 00:00:00.000000'),(498,'',2,NULL,NULL,'0001-01-01 00:00:00.000000','0001-01-01 00:00:00.000000'),(499,'',1,NULL,NULL,'0001-01-01 00:00:00.000000','0001-01-01 00:00:00.000000'),(500,'',2,NULL,NULL,'0001-01-01 00:00:00.000000','0001-01-01 00:00:00.000000'),(501,'',2,NULL,NULL,'0001-01-01 00:00:00.000000','0001-01-01 00:00:00.000000'),(502,'',2,NULL,NULL,'0001-01-01 00:00:00.000000','0001-01-01 00:00:00.000000'),(503,'',1,NULL,NULL,'0001-01-01 00:00:00.000000','0001-01-01 00:00:00.000000'),(504,'',2,NULL,NULL,'0001-01-01 00:00:00.000000','0001-01-01 00:00:00.000000'),(505,'',1,NULL,NULL,'0001-01-01 00:00:00.000000','0001-01-01 00:00:00.000000'),(506,'',2,NULL,NULL,'0001-01-01 00:00:00.000000','0001-01-01 00:00:00.000000'),(507,'',1,NULL,NULL,'0001-01-01 00:00:00.000000','0001-01-01 00:00:00.000000'),(508,'',2,NULL,NULL,'0001-01-01 00:00:00.000000','0001-01-01 00:00:00.000000'),(509,'',2,NULL,NULL,'0001-01-01 00:00:00.000000','0001-01-01 00:00:00.000000'),(510,'',2,NULL,NULL,'0001-01-01 00:00:00.000000','0001-01-01 00:00:00.000000'),(511,'',1,NULL,NULL,'0001-01-01 00:00:00.000000','0001-01-01 00:00:00.000000'),(512,'',1,NULL,NULL,'0001-01-01 00:00:00.000000','0001-01-01 00:00:00.000000'),(513,'',2,NULL,NULL,'0001-01-01 00:00:00.000000','0001-01-01 00:00:00.000000'),(514,'',1,NULL,NULL,'0001-01-01 00:00:00.000000','0001-01-01 00:00:00.000000'),(515,'下注',1,NULL,1,'0001-01-01 00:00:00.000000','0001-01-01 00:00:00.000000'),(516,'赢',1,NULL,1,'0001-01-01 00:00:00.000000','0001-01-01 00:00:00.000000'),(517,'下注',1,NULL,1,'0001-01-01 00:00:00.000000','0001-01-01 00:00:00.000000'),(518,'赢',1,NULL,1,'0001-01-01 00:00:00.000000','0001-01-01 00:00:00.000000'),(519,'下注',1,NULL,1,'0001-01-01 00:00:00.000000','0001-01-01 00:00:00.000000'),(520,'赢',1,NULL,1,'0001-01-01 00:00:00.000000','0001-01-01 00:00:00.000000'),(521,'下注',1,NULL,1,'0001-01-01 00:00:00.000000','0001-01-01 00:00:00.000000'),(522,'下注',1,NULL,1,'0001-01-01 00:00:00.000000','0001-01-01 00:00:00.000000'),(523,'下注',1,NULL,1,'0001-01-01 00:00:00.000000','0001-01-01 00:00:00.000000'),(524,'下注',1,NULL,1,'0001-01-01 00:00:00.000000','0001-01-01 00:00:00.000000'),(525,'下注',1,NULL,1,'0001-01-01 00:00:00.000000','0001-01-01 00:00:00.000000'),(526,'赢',1,NULL,1,'0001-01-01 00:00:00.000000','0001-01-01 00:00:00.000000'),(527,'下注',2,NULL,1,'0001-01-01 00:00:00.000000','0001-01-01 00:00:00.000000'),(528,'下注',2,NULL,1,'0001-01-01 00:00:00.000000','0001-01-01 00:00:00.000000'),(529,'下注',2,NULL,1,'0001-01-01 00:00:00.000000','0001-01-01 00:00:00.000000'),(530,'赢',2,NULL,1,'0001-01-01 00:00:00.000000','0001-01-01 00:00:00.000000'),(531,'下注',2,NULL,1,'0001-01-01 00:00:00.000000','0001-01-01 00:00:00.000000'),(532,'下注',2,NULL,1,'0001-01-01 00:00:00.000000','0001-01-01 00:00:00.000000'),(533,'下注',1,NULL,1,'0001-01-01 00:00:00.000000','0001-01-01 00:00:00.000000'),(534,'下注',1,NULL,1,'0001-01-01 00:00:00.000000','0001-01-01 00:00:00.000000'),(535,'下注',2,NULL,1,'0001-01-01 00:00:00.000000','0001-01-01 00:00:00.000000'),(536,'',1,NULL,NULL,'0001-01-01 00:00:00.000000','0001-01-01 00:00:00.000000'),(537,'',2,NULL,NULL,'0001-01-01 00:00:00.000000','0001-01-01 00:00:00.000000'),(538,'',2,NULL,NULL,'0001-01-01 00:00:00.000000','0001-01-01 00:00:00.000000'),(539,'',2,NULL,NULL,'0001-01-01 00:00:00.000000','0001-01-01 00:00:00.000000'),(540,'',1,NULL,NULL,'0001-01-01 00:00:00.000000','0001-01-01 00:00:00.000000'),(541,'',1,NULL,NULL,'0001-01-01 00:00:00.000000','0001-01-01 00:00:00.000000'),(542,'下注',1,NULL,1,'0001-01-01 00:00:00.000000','0001-01-01 00:00:00.000000'),(543,'赢',1,NULL,1,'0001-01-01 00:00:00.000000','0001-01-01 00:00:00.000000'),(544,'下注',1,NULL,1,'0001-01-01 00:00:00.000000','0001-01-01 00:00:00.000000'),(545,'赢',1,NULL,1,'0001-01-01 00:00:00.000000','0001-01-01 00:00:00.000000'),(546,'下注',1,NULL,1,'0001-01-01 00:00:00.000000','0001-01-01 00:00:00.000000'),(547,'赢',1,NULL,1,'0001-01-01 00:00:00.000000','0001-01-01 00:00:00.000000'),(548,'下注',1,NULL,1,'0001-01-01 00:00:00.000000','0001-01-01 00:00:00.000000'),(549,'下注',1,NULL,1,'0001-01-01 00:00:00.000000','0001-01-01 00:00:00.000000'),(550,'下注',1,NULL,1,'0001-01-01 00:00:00.000000','0001-01-01 00:00:00.000000'),(551,'赢',1,NULL,1,'0001-01-01 00:00:00.000000','0001-01-01 00:00:00.000000'),(552,'下注',1,NULL,1,'0001-01-01 00:00:00.000000','0001-01-01 00:00:00.000000'),(553,'下注',1,NULL,1,'0001-01-01 00:00:00.000000','0001-01-01 00:00:00.000000'),(554,'赢',1,NULL,1,'0001-01-01 00:00:00.000000','0001-01-01 00:00:00.000000'),(555,'',1,NULL,NULL,'0001-01-01 00:00:00.000000','0001-01-01 00:00:00.000000'),(556,'',2,NULL,NULL,'0001-01-01 00:00:00.000000','0001-01-01 00:00:00.000000'),(557,'',1,NULL,NULL,'0001-01-01 00:00:00.000000','0001-01-01 00:00:00.000000'),(558,'',2,NULL,NULL,'0001-01-01 00:00:00.000000','0001-01-01 00:00:00.000000'),(559,'',1,NULL,NULL,'0001-01-01 00:00:00.000000','0001-01-01 00:00:00.000000'),(560,'',1,NULL,NULL,'0001-01-01 00:00:00.000000','0001-01-01 00:00:00.000000'),(561,'',2,NULL,NULL,'0001-01-01 00:00:00.000000','0001-01-01 00:00:00.000000'),(562,'',1,NULL,NULL,'0001-01-01 00:00:00.000000','0001-01-01 00:00:00.000000'),(563,'',2,NULL,NULL,'0001-01-01 00:00:00.000000','0001-01-01 00:00:00.000000'),(564,'',2,NULL,NULL,'0001-01-01 00:00:00.000000','0001-01-01 00:00:00.000000'),(565,'',1,NULL,NULL,'0001-01-01 00:00:00.000000','0001-01-01 00:00:00.000000'),(566,'',1,NULL,NULL,'0001-01-01 00:00:00.000000','0001-01-01 00:00:00.000000'),(567,'',1,NULL,NULL,'0001-01-01 00:00:00.000000','0001-01-01 00:00:00.000000'),(568,'',2,NULL,NULL,'0001-01-01 00:00:00.000000','0001-01-01 00:00:00.000000'),(569,'',2,NULL,NULL,'0001-01-01 00:00:00.000000','0001-01-01 00:00:00.000000'),(570,'',2,NULL,NULL,'0001-01-01 00:00:00.000000','0001-01-01 00:00:00.000000'),(571,'',1,NULL,NULL,'0001-01-01 00:00:00.000000','0001-01-01 00:00:00.000000'),(572,'',1,NULL,NULL,'0001-01-01 00:00:00.000000','0001-01-01 00:00:00.000000'),(573,'',1,NULL,NULL,'0001-01-01 00:00:00.000000','0001-01-01 00:00:00.000000'),(574,'',2,NULL,NULL,'0001-01-01 00:00:00.000000','0001-01-01 00:00:00.000000'),(575,'',1,NULL,NULL,'0001-01-01 00:00:00.000000','0001-01-01 00:00:00.000000'),(576,'',1,NULL,NULL,'0001-01-01 00:00:00.000000','0001-01-01 00:00:00.000000'),(577,'',1,NULL,NULL,'0001-01-01 00:00:00.000000','0001-01-01 00:00:00.000000'),(578,'',2,NULL,NULL,'0001-01-01 00:00:00.000000','0001-01-01 00:00:00.000000'),(579,'',1,NULL,NULL,'0001-01-01 00:00:00.000000','0001-01-01 00:00:00.000000'),(580,'',1,NULL,NULL,'0001-01-01 00:00:00.000000','0001-01-01 00:00:00.000000'),(581,'',1,NULL,NULL,'0001-01-01 00:00:00.000000','0001-01-01 00:00:00.000000'),(582,'',1,NULL,NULL,'0001-01-01 00:00:00.000000','0001-01-01 00:00:00.000000'),(583,'',1,NULL,NULL,'0001-01-01 00:00:00.000000','0001-01-01 00:00:00.000000'),(584,'',1,NULL,NULL,'0001-01-01 00:00:00.000000','0001-01-01 00:00:00.000000'),(585,'',2,NULL,NULL,'0001-01-01 00:00:00.000000','0001-01-01 00:00:00.000000'),(586,'',1,NULL,NULL,'0001-01-01 00:00:00.000000','0001-01-01 00:00:00.000000'),(587,'',1,NULL,NULL,'0001-01-01 00:00:00.000000','0001-01-01 00:00:00.000000'),(588,'',2,NULL,NULL,'0001-01-01 00:00:00.000000','0001-01-01 00:00:00.000000'),(589,'',1,NULL,NULL,'0001-01-01 00:00:00.000000','0001-01-01 00:00:00.000000'),(590,'',2,NULL,NULL,'0001-01-01 00:00:00.000000','0001-01-01 00:00:00.000000'),(591,'',1,NULL,NULL,'0001-01-01 00:00:00.000000','0001-01-01 00:00:00.000000'),(592,'',1,NULL,NULL,'0001-01-01 00:00:00.000000','0001-01-01 00:00:00.000000'),(593,'',2,NULL,NULL,'0001-01-01 00:00:00.000000','0001-01-01 00:00:00.000000'),(594,'',1,NULL,NULL,'0001-01-01 00:00:00.000000','0001-01-01 00:00:00.000000'),(595,'',1,NULL,NULL,'0001-01-01 00:00:00.000000','0001-01-01 00:00:00.000000'),(596,'',2,NULL,NULL,'0001-01-01 00:00:00.000000','0001-01-01 00:00:00.000000'),(597,'',1,NULL,NULL,'0001-01-01 00:00:00.000000','0001-01-01 00:00:00.000000'),(598,'',1,NULL,NULL,'0001-01-01 00:00:00.000000','0001-01-01 00:00:00.000000'),(599,'',2,NULL,NULL,'0001-01-01 00:00:00.000000','0001-01-01 00:00:00.000000'),(600,'',2,NULL,NULL,'0001-01-01 00:00:00.000000','0001-01-01 00:00:00.000000'),(601,'',2,NULL,NULL,'0001-01-01 00:00:00.000000','0001-01-01 00:00:00.000000'),(602,'',1,NULL,NULL,'0001-01-01 00:00:00.000000','0001-01-01 00:00:00.000000'),(603,'',2,NULL,NULL,'0001-01-01 00:00:00.000000','0001-01-01 00:00:00.000000'),(604,'',1,NULL,NULL,'0001-01-01 00:00:00.000000','0001-01-01 00:00:00.000000'),(605,'',2,NULL,NULL,'0001-01-01 00:00:00.000000','0001-01-01 00:00:00.000000'),(606,'',2,NULL,NULL,'0001-01-01 00:00:00.000000','0001-01-01 00:00:00.000000'),(607,'',2,NULL,NULL,'0001-01-01 00:00:00.000000','0001-01-01 00:00:00.000000'),(608,'',1,NULL,NULL,'0001-01-01 00:00:00.000000','0001-01-01 00:00:00.000000'),(609,'',1,NULL,NULL,'0001-01-01 00:00:00.000000','0001-01-01 00:00:00.000000'),(610,'',1,NULL,NULL,'0001-01-01 00:00:00.000000','0001-01-01 00:00:00.000000'),(611,'',1,NULL,NULL,'0001-01-01 00:00:00.000000','0001-01-01 00:00:00.000000'),(612,'',2,NULL,NULL,'0001-01-01 00:00:00.000000','0001-01-01 00:00:00.000000'),(613,'',1,NULL,NULL,'0001-01-01 00:00:00.000000','0001-01-01 00:00:00.000000'),(614,'',2,NULL,NULL,'0001-01-01 00:00:00.000000','0001-01-01 00:00:00.000000'),(615,'',1,NULL,NULL,'0001-01-01 00:00:00.000000','0001-01-01 00:00:00.000000'),(616,'',2,NULL,NULL,'0001-01-01 00:00:00.000000','0001-01-01 00:00:00.000000'),(617,'',1,NULL,NULL,'0001-01-01 00:00:00.000000','0001-01-01 00:00:00.000000'),(618,'',2,NULL,NULL,'0001-01-01 00:00:00.000000','0001-01-01 00:00:00.000000'),(619,'',1,NULL,NULL,'0001-01-01 00:00:00.000000','0001-01-01 00:00:00.000000'),(620,'',1,NULL,NULL,'0001-01-01 00:00:00.000000','0001-01-01 00:00:00.000000'),(621,'',1,NULL,NULL,'0001-01-01 00:00:00.000000','0001-01-01 00:00:00.000000'),(622,'',1,NULL,NULL,'0001-01-01 00:00:00.000000','0001-01-01 00:00:00.000000'),(623,'',1,NULL,NULL,'0001-01-01 00:00:00.000000','0001-01-01 00:00:00.000000'),(624,'',1,NULL,NULL,'0001-01-01 00:00:00.000000','0001-01-01 00:00:00.000000'),(625,'',1,NULL,NULL,'0001-01-01 00:00:00.000000','0001-01-01 00:00:00.000000'),(626,'',2,NULL,NULL,'0001-01-01 00:00:00.000000','0001-01-01 00:00:00.000000'),(627,'',2,NULL,NULL,'0001-01-01 00:00:00.000000','0001-01-01 00:00:00.000000'),(628,'',2,NULL,NULL,'0001-01-01 00:00:00.000000','0001-01-01 00:00:00.000000'),(629,'',2,NULL,NULL,'0001-01-01 00:00:00.000000','0001-01-01 00:00:00.000000');
/*!40000 ALTER TABLE `messages` ENABLE KEYS */;
UNLOCK TABLES;

--
-- Table structure for table `notices`
--

DROP TABLE IF EXISTS `notices`;
/*!40101 SET @saved_cs_client     = @@character_set_client */;
/*!40101 SET character_set_client = utf8 */;
CREATE TABLE `notices` (
  `Id` int(11) NOT NULL AUTO_INCREMENT,
  `Content` longtext,
  `CreateTime` datetime(6) NOT NULL DEFAULT '0001-01-01 00:00:00.000000' ON UPDATE CURRENT_TIMESTAMP(6),
  `ModifyTime` datetime(6) NOT NULL DEFAULT '0001-01-01 00:00:00.000000' ON UPDATE CURRENT_TIMESTAMP(6),
  PRIMARY KEY (`Id`)
) ENGINE=InnoDB AUTO_INCREMENT=2 DEFAULT CHARSET=utf8;
/*!40101 SET character_set_client = @saved_cs_client */;

--
-- Dumping data for table `notices`
--

LOCK TABLES `notices` WRITE;
/*!40000 ALTER TABLE `notices` DISABLE KEYS */;
INSERT INTO `notices` VALUES (1,'游戏城开业了啊0!','2017-05-28 10:16:43.102706','2017-05-28 10:16:43.102706');
/*!40000 ALTER TABLE `notices` ENABLE KEYS */;
UNLOCK TABLES;

--
-- Table structure for table `payorders`
--

DROP TABLE IF EXISTS `payorders`;
/*!40101 SET @saved_cs_client     = @@character_set_client */;
/*!40101 SET character_set_client = utf8 */;
CREATE TABLE `payorders` (
  `Id` int(11) NOT NULL AUTO_INCREMENT,
  `Amount` decimal(18,2) NOT NULL,
  `ClientIp` longtext,
  `CreateTime` datetime(6) NOT NULL DEFAULT CURRENT_TIMESTAMP(6) ON UPDATE CURRENT_TIMESTAMP(6),
  `Out_trade_no` longtext,
  `Prepay_id` longtext,
  `Success` bit(1) NOT NULL,
  `Transaction_id` longtext,
  `WeixinName` longtext,
  `ModifyTime` datetime(6) NOT NULL DEFAULT '0001-01-01 00:00:00.000000' ON UPDATE CURRENT_TIMESTAMP(6),
  PRIMARY KEY (`Id`)
) ENGINE=InnoDB AUTO_INCREMENT=2 DEFAULT CHARSET=utf8;
/*!40101 SET character_set_client = @saved_cs_client */;

--
-- Dumping data for table `payorders`
--

LOCK TABLES `payorders` WRITE;
/*!40000 ALTER TABLE `payorders` DISABLE KEYS */;
INSERT INTO `payorders` VALUES (1,1.00,NULL,'2017-05-23 22:30:35.985517',NULL,NULL,'\0',NULL,'1','0001-01-01 00:00:00.000000');
/*!40000 ALTER TABLE `payorders` ENABLE KEYS */;
UNLOCK TABLES;

--
-- Table structure for table `players`
--

DROP TABLE IF EXISTS `players`;
/*!40101 SET @saved_cs_client     = @@character_set_client */;
/*!40101 SET character_set_client = utf8 */;
CREATE TABLE `players` (
  `Id` int(11) NOT NULL AUTO_INCREMENT,
  `AccountId` int(11) DEFAULT NULL,
  `Discriminator` longtext NOT NULL,
  `IntroducerWeixinName` longtext,
  `OnlineState` bit(1) NOT NULL,
  `WeixinName` longtext NOT NULL,
  `CreateTime` datetime(6) NOT NULL DEFAULT '0001-01-01 00:00:00.000000' ON UPDATE CURRENT_TIMESTAMP(6),
  `ModifyTime` datetime(6) NOT NULL DEFAULT '0001-01-01 00:00:00.000000' ON UPDATE CURRENT_TIMESTAMP(6),
  PRIMARY KEY (`Id`),
  KEY `IX_Players_AccountId` (`AccountId`),
  CONSTRAINT `FK_Players_Accounts_AccountId` FOREIGN KEY (`AccountId`) REFERENCES `accounts` (`Id`) ON DELETE NO ACTION
) ENGINE=InnoDB AUTO_INCREMENT=8 DEFAULT CHARSET=utf8;
/*!40101 SET character_set_client = @saved_cs_client */;

--
-- Dumping data for table `players`
--

LOCK TABLES `players` WRITE;
/*!40000 ALTER TABLE `players` DISABLE KEYS */;
INSERT INTO `players` VALUES (1,1,'ManagePlayer','2','\0','1','0001-01-01 00:00:00.000000','0001-01-01 00:00:00.000000'),(2,2,'Player','2','\0','2','0001-01-01 00:00:00.000000','0001-01-01 00:00:00.000000'),(3,3,'Player','1','\0',' 1','0001-01-01 00:00:00.000000','0001-01-01 00:00:00.000000'),(4,4,'Player','1','\0','4','0001-01-01 00:00:00.000000','0001-01-01 00:00:00.000000'),(5,5,'Player','1','\0','  1','0001-01-01 00:00:00.000000','0001-01-01 00:00:00.000000'),(6,6,'Player','1','\0','5','0001-01-01 00:00:00.000000','0001-01-01 00:00:00.000000'),(7,7,'Player','1','\0','6','0001-01-01 00:00:00.000000','0001-01-01 00:00:00.000000');
/*!40000 ALTER TABLE `players` ENABLE KEYS */;
UNLOCK TABLES;

--
-- Table structure for table `redpacks`
--

DROP TABLE IF EXISTS `redpacks`;
/*!40101 SET @saved_cs_client     = @@character_set_client */;
/*!40101 SET character_set_client = utf8 */;
CREATE TABLE `redpacks` (
  `Id` int(11) NOT NULL AUTO_INCREMENT,
  `Amount` decimal(18,2) NOT NULL,
  `CreateTime` datetime(6) NOT NULL DEFAULT CURRENT_TIMESTAMP(6) ON UPDATE CURRENT_TIMESTAMP(6),
  `Err_code` longtext,
  `Mch_billno` longtext,
  `Send_listid` longtext,
  `WeixinName` longtext,
  `ModifyTime` datetime(6) NOT NULL DEFAULT '0001-01-01 00:00:00.000000' ON UPDATE CURRENT_TIMESTAMP(6),
  PRIMARY KEY (`Id`)
) ENGINE=InnoDB DEFAULT CHARSET=utf8;
/*!40101 SET character_set_client = @saved_cs_client */;

--
-- Dumping data for table `redpacks`
--

LOCK TABLES `redpacks` WRITE;
/*!40000 ALTER TABLE `redpacks` DISABLE KEYS */;
/*!40000 ALTER TABLE `redpacks` ENABLE KEYS */;
UNLOCK TABLES;
/*!40103 SET TIME_ZONE=@OLD_TIME_ZONE */;

/*!40101 SET SQL_MODE=@OLD_SQL_MODE */;
/*!40014 SET FOREIGN_KEY_CHECKS=@OLD_FOREIGN_KEY_CHECKS */;
/*!40014 SET UNIQUE_CHECKS=@OLD_UNIQUE_CHECKS */;
/*!40101 SET CHARACTER_SET_CLIENT=@OLD_CHARACTER_SET_CLIENT */;
/*!40101 SET CHARACTER_SET_RESULTS=@OLD_CHARACTER_SET_RESULTS */;
/*!40101 SET COLLATION_CONNECTION=@OLD_COLLATION_CONNECTION */;
/*!40111 SET SQL_NOTES=@OLD_SQL_NOTES */;

-- Dump completed on 2017-06-11 21:59:36
